
Geneid	SRR28411569	SRR28411570	SRR28411571	SRR28411572
YDL246C	4	4	0	6
YDL243C	524	440	244	382
YDR387C	3997	3578	1511	1833
YDL094C	80	64	19	68
YDR438W	838	650	410	602
YDR523C	42	48	45	42
YDR542W	33	11	0	2
YDR492W	1859	1686	1558	2862
YDR018C	950	794	188	309
YDL189W	505	369	298	522
YDR508C	3554	2383	1068	2134
YDR462W	655	629	216	423
YDR175C	1536	1409	823	1062
YDR186C	2589	2073	1896	2620
YDR150W	2585	1745	1471	2636
YDR243C	567	496	370	555
YDL182W	1204	1079	1267	1811
YDR362C	1255	1030	679	1061
YDR232W	10771	8590	7623	8671
YDR158W	13021	10750	15019	17353
YDR439W	137	98	58	68
YDL206W	3184	3067	725	1264
YDR125C	760	635	185	388
YDR338C	2730	2297	1319	1569
YDR526C	5	6	2	0
YDR533C	3882	3905	1218	1771
YDR272W	2325	1968	1039	1682
YDR197W	1042	936	512	645
YDR512C	567	541	150	327
YDR489W	496	426	265	471
YDR299W	356	331	558	777
YDL015C	15071	14533	5411	10700
YDR304C	15810	13727	9686	11902
YDR271C	1	0	1	1
YDL181W	3742	3416	1650	1732
YDR367W	1563	1313	1032	1592
YDR085C	1408	1192	310	423
YDL097C	3053	2610	1317	1586
YDL139C	200	141	125	122
YDR200C	813	678	249	434
YDR191W	484	408	210	328
YDR451C	1600	1390	654	1046
YDR469W	402	429	209	453
YDR470C	1722	1375	555	963
YDR105C	5773	4771	1898	3576
YDR483W	14704	12387	7445	12761
YDL123W	284	226	133	125
YDL199C	1668	1360	251	442
YDR505C	5719	4826	1183	1867
YDL045W-A	802	709	206	478
YDL045C	1109	939	516	667
YDR361C	661	639	1014	1537
YDR406W-A	47	24	2	32
YDR199W	11	12	1	5
YDR266C	1824	1539	1187	1433
YDL242W	151	124	86	72
YDR002W	6835	6184	8676	7767
YDR214W	7720	6607	2724	2820
YDR130C	582	531	271	449
YDL176W	836	551	374	538
YDR358W	2411	1926	582	859
YDR544C	0	0	0	0
YDR460W	339	307	161	250
snR84	72679	76795	46507	39104
YDR034W-B	202	333	4	17
YDL028C	1441	1240	762	1010
YDR061W	3046	2602	1342	1685
YDR060W	2386	2183	5563	5404
YDR169C-A	53	46	28	43
YDR363W	510	419	438	431
YDR422C	3057	2803	1607	2306
YDR119W	5767	5198	4057	6764
tR(ACG)D	32	37	12	24
YDR097C	1587	1498	1208	1817
YDR042C	237	220	9	81
YDL160C	6490	5816	3812	4842
YDR425W	297	251	70	163
snR13	567	518	190	813
YDR228C	1078	988	373	547
YDR319C	1141	1234	423	690
YDR471W	7376	6790	17606	14663
YDR089W	4518	3946	2813	3211
tD(GUC)D	2	3	5	6
YDR275W	1075	917	534	707
YDR043C	1135	1065	146	424
YDR129C	11767	9993	6381	8491
YDR136C	62	40	23	38
YDL066W	17540	14663	9350	13211
YDR302W	1955	1810	1074	1958
YDR239C	560	535	506	551
YDR539W	2682	2269	1669	2344
tK(CUU)D1	5	1	0	3
YDL125C	5842	4974	2964	5445
YDR493W	607	577	465	460
YDR101C	2397	2143	3655	5760
YDR182W-A	93	114	22	59
YDR212W	8035	6599	6726	9879
YDR476C	949	723	832	734
YDL131W	3740	3473	2745	3944
YDR458C	1264	1212	927	1149
YDR081C	1317	1195	765	1186
YDL071C	83	40	37	49
YDR113C	425	310	160	224
YDR168W	3739	3191	2128	2394
YDR520C	649	559	344	608
YDR307W	3133	3196	1387	2028
YDR265W	719	644	363	502
YDL076C	842	733	339	628
YDL006W	1560	1379	813	984
YDL086W	2006	1681	1732	1393
YDR238C	14907	12762	11491	12975
YDR077W	12185	6626	2212	5432
YDR381C-A	492	442	143	350
YDL023C	15	27	2	12
YDL083C	9038	7678	16130	18899
YDR036C	1377	1216	593	1191
YDR057W	1289	1076	672	895
YDR513W	7404	6788	1640	2364
YDR487C	4476	4143	3043	4344
YDR066C	310	331	247	311
YDR352W	1303	1192	1079	1945
YDR278C	5	6	0	2
YDR079C-A	331	271	132	190
YDR204W	4376	3860	1793	1738
YDL247W-A	144	136	20	38
YDL024C	370	312	125	180
tA(AGC)D	3	0	1	8
YDR109C	776	601	376	598
YDR466W	1162	865	398	661
YDR427W	5728	5991	1945	3259
YDL044C	576	478	452	518
YDL079C	1611	1148	589	890
YDR193W	0	0	0	0
YDR305C	796	586	275	477
YDR377W	6955	6394	1523	3978
YDR219C	1274	1231	489	699
YDR416W	1019	912	800	1161
YDR365C	6278	5418	3004	3609
YDL233W	417	331	127	207
YDR287W	352	331	134	208
YDR448W	903	770	640	946
YDR180W	2328	2231	1215	1785
tF(GAA)D	16	19	3	13
tT(AGU)D	10	7	5	9
YDR294C	2772	2232	1608	2236
YDR198C	695	625	399	648
YDL163W	0	2	0	0
YDL119C	332	375	84	230
YDR501W	408	331	148	247
YDL214C	360	332	174	177
YDR264C	9394	8591	6287	6537
YDR343C	8799	6498	926	1181
YDR373W	2383	2237	1630	1937
YDR354W	1867	1443	1353	2013
YDR246W	437	457	140	288
YDR428C	626	624	761	926
YDR157W	28	17	10	31
YDR316W	331	252	142	303
YDL142C	1545	1304	501	795
YDR253C	319	263	96	170
YDL112W	2710	2224	2006	3582
YDR545W	21	16	0	7
YDL187C	0	1	0	5
YDL138W	1693	1412	568	949
YDR528W	329	272	138	289
YDR284C	4409	4107	2605	3016
YDR050C	124479	97773	171977	157654
YDL010W	140	133	61	100
YDL065C	611	542	406	512
YDR349C	5029	4859	3135	4665
YDL098C	239	219	148	202
YDL234C	4286	3786	1222	1443
YDR118W	785	730	300	531
YDR118W-A	14	7	1	18
YDR159W	1859	1401	911	1555
YDR111C	1304	1090	1240	1250
YDR128W	3366	2633	1512	2236
YDL034W	91	84	21	56
YDR065W	395	421	196	362
YDL004W	9761	8393	2520	4522
YDR024W	163	240	15	137
YDL171C	38623	30319	30106	40258
YDR083W	247	196	376	643
YDR457W	13648	10867	9041	13731
YDR014W	463	435	252	386
YDR206W	2997	2562	2259	3311
YDR478W	113	91	126	160
YDR169C	575	373	247	362
YDR115W	1263	1070	640	1042
YDL159W-A	22	55	0	23
YDL232W	1351	1312	456	840
YDL240C-A	3	1	0	5
tE(CUC)D	0	0	0	0
YDL152W	0	1	0	0
YDR432W	1035	840	806	678
YDL022C-A	34	42	25	17
YDL114W-A	0	0	0	0
YDR410C	1344	1459	747	1265
YDR464C-A	0	0	0	0
YDL072C	8451	7549	2338	3929
YDR053W	12	7	9	8
YDL012C	380	417	151	304
YDR482C	233	177	227	188
YDL070W	2291	2103	2785	2221
YDR064W	21068	18180	50463	42163
YDL135C	1358	1160	848	1119
YDL077C	2308	2020	996	1486
YDR354C-A	0	0	0	0
YDL033C	525	413	345	487
YDL031W	1093	933	1471	2143
YDR398W	1723	1505	2383	2920
YDR326C	3999	3398	2819	4397
YDL052C	3495	2671	2209	2715
YDR536W	383	356	164	241
YDR397C	12	18	5	18
YDL116W	3066	2572	1930	2809
YDR028C	4277	3503	2597	2933
YDL007W	2034	1649	934	1319
YDR236C	1594	1395	1050	1602
YDR011W	13448	11560	7015	10409
YDR155C	30011	26756	15833	23962
YDR414C	689	716	614	892
YDR026C	711	619	548	658
YDL073W	2007	1712	1043	1519
tY(GUA)D	16	8	1	7
YDL115C	563	558	332	396
YDL145C	29167	24735	17440	21797
YDR203W	4	1	0	1
YDL104C	331	295	139	257
YDL149W	2108	1716	565	951
YDR231C	473	417	315	244
YDR045C	654	547	261	691
YDL075W	9215	8175	12529	16214
YDR415C	1276	978	812	1078
YDR339C	949	732	708	936
YDL213C	166	165	194	386
YDR096W	2372	1722	473	894
YDL019C	4328	3397	2084	2450
YDL022W	9775	8091	3461	3413
YDR413C	0	0	0	0
YDR391C	2188	2026	490	987
YDR091C	9506	8060	12349	15256
YDR240C	712	584	381	539
YDL244W	24	49	13	16
YDR179C	60	36	26	42
YDL165W	1239	1063	1060	1032
YDL140C	19467	10119	7005	11310
YDR120C	545	458	514	925
YDR003W	1439	1309	593	861
YDR499W	723	689	339	409
YDR166C	1845	1578	762	1189
YDL092W	1198	1125	802	1165
YDL041W	2	0	0	0
YDL241W	171	163	199	297
YDL082W	8585	7185	21065	16523
YDR277C	1923	1627	915	1384
YDR291W	1269	1097	782	1177
YDR475C	2317	1902	946	1348
YDR244W	1134	1013	489	738
YDR407C	4073	3269	2086	2614
YDR382W	23309	19964	32420	37853
YDR102C	73	60	18	38
YDL188C	3578	2966	1636	2922
YDR405W	346	281	241	270
YDR443C	2276	2256	1005	1613
YDR059C	889	810	173	346
YDR144C	1924	1731	1523	2389
YDL157C	1490	1331	822	1562
YDL058W	3733	3092	2724	3533
YDL096C	3	2	0	0
YDL155W	1297	955	791	1011
YDR147W	1070	976	648	927
YDL191W	8360	7243	12341	12281
YDL128W	6286	5627	2644	4169
YDR310C	1873	1415	1109	1424
YDL160C-A	339	275	181	401
YDR127W	9483	7052	10284	14765
YDR497C	21221	19460	13389	15743
YDL162C	2	3	7	1
tS(AGA)D3	0	1	0	0
YDR201W	267	224	150	184
YDR163W	141	161	49	117
YDL146W	1194	1015	352	791
YDR363W-A	803	648	393	705
YDL221W	56	62	29	42
YDL089W	843	728	245	370
YDR385W	88722	77885	113262	113503
YDR331W	1932	1567	1354	2143
YDR196C	1422	1248	742	879
YDR116C	1709	1292	832	1043
YDR001C	7810	6542	1660	2393
YDL230W	737	537	200	355
YDR160W	2451	2068	931	1285
YDR123C	255	291	165	294
YDR322W	1968	1540	920	1235
YDR040C	1176	1108	1324	905
YDR025W	10420	9167	13903	22398
YDR046C	7852	6223	4018	6208
YDL057W	328	257	164	205
YDL248W	2095	1800	767	767
YDR008C	9	2	0	11
YDR029W	374	318	124	241
YDR485C	586	475	332	461
YDR408C	2549	2304	2732	3587
YDR038C	661	639	652	791
YDL204W	4678	4476	494	837
YDR019C	2295	2221	1952	2229
YDR477W	2301	1803	1231	1327
YDR254W	893	812	279	527
YDR514C	77	94	170	304
YDR296W	1219	1164	772	1073
YDL216C	569	531	184	309
YDL100C	9916	8951	7979	8498
YDL068W	8	7	7	17
YDL026W	5	3	0	3
YDL124W	18348	15771	12296	9343
YDL227C	646	548	1378	1739
YDL111C	1472	1244	660	1157
YDR324C	1331	1215	1523	2305
YDL170W	852	685	340	541
YDR317W	541	462	178	397
YDR436W	1024	826	347	489
YDR208W	1763	1293	838	1363
YDR386W	446	351	148	346
YDR504C	490	525	71	140
YDL220C	528	398	293	478
YDR396W	50	44	8	24
YDR258C	13540	11372	2351	2695
YDR176W	700	551	426	697
YDL099W	383	302	156	303
YDR380W	3064	2726	1680	2434
YDL110C	2002	1903	591	571
YDR148C	11970	10452	5272	5095
YDL201W	1123	1004	2028	1720
YDL107W	504	525	194	347
YDR515W	578	507	308	331
YDR133C	9806	9002	4066	7270
YDR378C	1494	1186	1000	1821
YDR473C	110	83	42	81
YDR403W	150	134	71	133
YDR268W	839	717	572	782
YDR409W	661	459	192	386
YDR173C	971	729	370	360
YDR187C	16	8	4	6
YDR389W	2286	2005	1136	1929
YDR417C	8	2	2	13
YDR165W	1592	1677	1446	2341
YDL113C	1537	1379	630	888
YDR426C	1	5	0	2
YDR521W	1	2	0	0
YDR086C	2616	2472	1669	2235
YDL021W	5950	4777	612	1306
YDR023W	13367	11780	15336	16107
YDR394W	5118	4479	2178	3059
YDR320C-A	765	644	180	530
YDR003W-A	358	328	131	211
YDR183W	311	262	126	250
YDR245W	2323	2123	1994	2395
YDR431W	1	3	0	2
YDL154W	604	466	315	401
YDL184C	2203	2036	1822	3177
YDR153C	666	600	360	461
YDR014W-A	25	21	10	3
YDR434W	3656	3232	1843	2929
YDL002C	564	453	374	388
YDR225W	10217	8748	8728	15385
YDR418W	6129	5632	5254	10980
YDR224C	3231	2541	1662	3061
YDR502C	1612	1585	804	1250
YDR447C	6375	5771	13904	11856
YDL039C	85	74	84	172
YDL225W	1531	1310	1065	1336
YDR259C	71	70	16	24
YDR495C	953	907	298	536
YDL151C	1	0	0	1
YDR357C	1360	1345	286	692
YDR370C	860	852	503	883
YDR298C	12227	10829	4664	6610
YDR276C	6346	5630	1354	4673
YDL185C-A	215	164	105	242
YDR545C-A	0	0	0	0
tM(CAU)D	4	2	0	2
YDL247W	57	35	13	20
YDR406W	9824	8751	3931	6570
YDR273W	82	74	38	93
YDR269C	0	0	0	0
YDR453C	1451	1435	676	805
YDR383C	236	220	121	249
YDR375C	1752	1496	633	1370
YDL161W	527	414	360	450
YDL051W	1270	1267	2006	1861
YDR084C	739	587	158	445
YDL056W	1414	1206	643	1008
YDR344C	104	81	79	116
YDR320C	606	440	246	420
YDR221W	1608	1305	1439	1930
tI(AAU)D	3	0	0	0
YDL032W	1	0	0	0
YDR456W	6316	5412	3055	4885
YDL036C	550	441	587	686
tL(CAA)D	4	5	1	7
YDL217C	407	426	307	461
snR63	40205	34536	18276	27369
YDR334W	2199	1685	1678	1954
YDL049C	315	337	215	339
YDL164C	1684	1381	1062	1308
YDR384C	415	331	726	1193
YDR149C	2	1	0	1
YDR093W	4951	3950	3543	4850
YDR071C	3912	3604	2286	3487
YDL143W	3134	2732	3158	3613
YDR032C	18176	15696	9169	10343
tR(UCU)D	0	0	0	0
YDR063W	2107	1706	852	1345
YDL166C	364	320	314	525
YDR004W	588	452	240	467
YDR151C	2345	2196	508	946
YDR037W	8182	7119	19966	15923
YDL175C	356	356	299	419
YDR286C	460	468	197	330
YDR172W	3211	2893	3094	4180
YDL174C	4562	4039	2133	2325
YDR080W	1049	920	545	723
YDR503C	1685	1491	602	1027
YDR069C	2744	2521	842	1412
YDR047W	3310	2626	1990	2916
YDR215C	489	411	98	80
YDR267C	962	799	949	979
YDR142C	1692	1364	702	1108
YDL212W	7162	5889	4362	7125
YDR249C	1574	1674	556	884
YDL209C	327	292	180	299
YDR044W	4286	3520	9369	9350
tK(UUU)D	37	41	17	63
YDR311W	1413	1107	884	1146
YDL159C-B	0	0	0	0
YDR222W	986	957	568	828
YDR510C-A	65	60	6	67
YDR401W	1	2	0	0
YDR207C	262	207	250	310
YDL005C	385	322	210	252
YDR295C	855	668	360	632
YDR543C	0	1	0	0
YDL208W	1562	1446	2196	2888
YDR135C	11461	9252	8522	12691
YDL114W	25	30	4	3
YDR247W	1674	1271	351	715
YDL197C	566	557	289	374
YDR229W	949	883	554	596
YDR095C	23	34	12	16
YDR027C	2348	1889	906	1366
YDL106C	826	716	343	467
YDR404C	2683	2392	1416	2729
YDR256C	689	706	480	572
YDR518W	4093	3379	2936	4300
YDR055W	8332	7225	4385	4940
YDL087C	378	321	199	345
YDR177W	2715	2501	1023	1744
YDL014W	1581	1334	2931	3744
YDR289C	566	445	278	476
YDL159W	616	520	257	401
YDR532C	408	326	150	244
YDR137W	1461	1273	1039	1200
YDL153C	109	79	165	319
YDR393W	1143	1059	650	759
YDR506C	784	704	288	474
YDL219W	831	644	474	831
YDL090C	1035	986	582	906
YDR033W	60338	55072	47492	58305
YDR035W	5777	5055	6422	6581
YDR332W	739	764	464	678
YDR510W	998	740	728	644
YDL055C	54526	48640	119651	100513
YDR480W	394	372	244	284
YDL103C	2712	2491	1571	1781
YDL085C-A	329	274	535	493
YDR350C	3124	2647	987	1466
YDR342C	7866	5975	3656	3340
YDR087C	685	804	1309	1324
YDL236W	3420	3003	2917	3727
YDR012W	9465	7907	15973	12470
YDL121C	905	851	1040	1533
YDR525W-A	1792	1675	227	709
tG(GCC)D2	29	37	74	136
YDL190C	6433	5420	2903	4077
YDL047W	1238	1030	620	1135
YDR099W	13568	11898	5383	6914
YDR092W	1510	1339	668	1178
YDR164C	1493	1211	904	1275
YDR058C	769	671	253	307
YDL020C	4247	3714	1366	1388
YDL025C	2722	2285	1090	1545
YDR374C	23	25	4	9
YDL207W	707	562	332	575
YDR270W	1287	1079	303	521
YDR152W	896	869	798	923
YDL148C	794	758	1584	2021
tI(UAU)D	23	18	3	3
YDR379C-A	784	668	230	303
YDR218C	73	66	10	23
YDL018C	1453	1285	629	1045
YDR507C	1624	1196	1060	1450
YDL003W	1079	985	997	1355
YDR524C-B	22815	19529	18789	29914
YDR371W	842	701	280	532
YDR359C	825	587	291	456
YDL180W	2772	2527	924	1355
YDL133W	1447	1321	518	862
YDR335W	6743	5618	2163	3642
YDR351W	2196	1854	930	1184
YDL150W	338	260	298	437
YDL177C	237	240	174	183
YDR171W	16145	14038	1408	2221
YDR364C	682	596	469	744
YDR309C	2082	1613	715	1033
YDL239C	1236	1203	480	516
YDL228C	79	84	52	269
YDL156W	269	214	167	252
YDL016C	1205	1081	295	829
tX(XXX)D	1	2	1	0
YDR524W-C	13071	13369	8170	16094
YDL085W	816	666	91	230
YDR300C	2498	2184	1692	2487
YDL168W	2069	1791	1614	1989
YDR360W	45	25	14	45
YDR195W	460	323	170	366
YDR321W	7491	6746	5436	10208
YDR237W	2830	2520	2047	2039
YDL127W	1321	1342	537	880
YDR107C	3478	2931	1854	2856
YDR472W	1008	908	1103	1287
YDL030W	363	273	338	332
YDR468C	657	681	302	525
YDL084W	27771	23767	21847	30715
YDL203C	1185	1025	617	827
YDL025W-A	0	0	0	0
YDR285W	233	217	141	154
YDL229W	20808	16326	47236	45605
YDR329C	1221	1238	667	841
YDR034C	2074	1907	1107	1595
YDR009W	294	223	190	268
tS(AGA)D2	16	14	2	11
YDR488C	435	400	502	436
YDR103W	5117	4222	1224	2102
YDR336W	607	503	557	527
YDL101C	1229	1159	488	650
YDR162C	360	343	155	217
YDR312W	336	339	350	547
YDL061C	2789	2320	2041	4203
YDL040C	3737	3060	2118	3700
YDR145W	1228	992	736	1096
YDR124W	649	639	168	325
YDL231C	3103	2788	2199	2484
YDR190C	2271	1835	1471	2443
YDL064W	1845	1575	1199	1969
YDR463W	1255	1031	642	776
YDR491C	158	155	44	134
YDR449C	397	479	322	492
YDL035C	3767	3153	1463	1978
YDR074W	12783	10007	3584	5230
YDR525W	14	8	0	15
YDR257C	919	972	774	864
YDR402C	132	101	45	76
YDR450W	18497	16395	35192	37020
YDR376W	2952	2582	1225	1740
YDR161W	971	931	1304	1663
YDR090C	1371	1310	746	1069
YDR189W	2125	1861	1238	1690
YDR524C	1711	1514	604	1331
YDL237W	7480	6298	3651	5604
YDR188W	4393	3914	6349	4992
YDL133C-A	3746	3237	2087	4465
YDR531W	1826	1632	1139	1967
tG(GCC)D1	1	0	0	0
YDR226W	15220	12992	20169	18421
YDL054C	3422	3274	1465	2379
YDL205C	1753	1592	2422	2746
YDR537C	44	23	3	6
YDR496C	2041	2030	4380	4464
YDR313C	1329	1171	732	688
YDL108W	853	721	612	742
tV(CAC)D	3	4	0	3
YDR340W	13	13	4	3
YDL147W	4696	3988	1993	3232
YDL081C	32378	28307	56106	44800
YDR283C	3801	3411	2251	2963
YDR261C	4162	3243	2056	2797
YDL211C	162	116	96	137
YDL074C	2860	2548	2233	2712
YDL091C	1696	1372	510	731
YDR346C	4373	3767	4899	5570
YDR072C	5310	4617	2315	4287
YDR242W	952	746	467	658
YDR323C	682	560	284	404
YDR486C	1159	1080	520	743
YDR420W	1725	1045	747	1919
YDL122W	3297	2813	1936	2672
YDR390C	1451	1312	895	1269
YDR481C	7485	6566	3062	4320
YDR318W	574	574	340	446
YDL105W	415	282	233	353
YDL141W	2446	2227	1513	2126
YDR400W	2692	2405	1802	2606
YDR522C	102	127	59	84
YDL173W	536	476	196	465
YDR279W	746	575	418	729
YDR281C	22	20	14	70
YDR213W	1048	755	1159	1435
YDR179W-A	622	616	411	599
YDR330W	1373	1256	509	730
YDR106W	88	94	42	78
YDL178W	3109	2590	1850	2540
YDR484W	985	969	334	544
YDR308C	590	523	456	447
YDL192W	13381	12056	9106	15108
YDL202W	1398	1256	821	993
YDR146C	1825	1386	558	1011
YDR241W	127	116	74	109
YDL158C	110	188	17	95
YDL185W	110314	90497	124932	131155
YDR251W	5333	4210	1563	2104
tL(UAA)D	2	0	0	2
YDR192C	826	692	347	508
YDR368W	7239	6247	3843	5915
YDR494W	1754	1701	797	1153
YDR399W	7785	6976	6117	8525
YDR070C	2291	2143	255	377
YDR138W	850	679	389	673
YDR031W	1093	948	253	566
YDR255C	1177	1077	352	564
YDL060W	1077	992	1681	2314
YDR048C	9	14	1	6
YDR067C	836	722	358	554
YDR126W	607	565	289	508
YDR315C	485	531	137	282
YDL126C	24183	20059	14771	18214
YDR262W	4713	3988	1937	2872
tQ(UUG)D3	3	0	0	0
YDR345C	3285	2667	28925	41894
YDR079W	966	1007	410	546
YDR433W	7	17	4	3
YDL144C	1632	1391	812	1153
YDR306C	1592	1493	695	1037
YDR292C	1928	1793	1500	2137
YDL009C	105	95	59	89
YDR290W	0	0	0	0
YDR282C	510	360	209	331
YDR170C	7951	6178	6025	8418
YDR174W	4231	3562	3316	3561
YDL218W	250	246	60	111
YDL062W	3	10	0	0
YDL048C	3062	2379	740	1650
YDR500C	12799	11440	13278	17700
YDR112W	94	86	36	59
YDR538W	128	109	51	119
YDL011C	1	1	0	0
YDR355C	0	0	0	0
YDR301W	2784	2197	1379	2172
YDR412W	26	19	23	46
YDR530C	1497	1303	1141	1050
YDR227W	1016	918	790	895
YDR041W	2273	1908	772	1354
YDR015C	0	0	0	0
YDL008W	693	671	520	757
YDR234W	3273	2760	3876	4441
YDR511W	933	824	498	616
YDR519W	1143	1001	739	1400
YDL086C-A	0	0	0	0
YDR250C	141	137	18	66
YDR465C	617	516	1125	1236
YDL001W	759	647	321	497
YDR454C	5678	5090	4822	6786
YDR013W	571	504	213	351
YDR076W	419	363	234	316
YDL095W	16939	14487	10639	18019
YDL007C-A	0	3	0	0
YDL130W	9931	8463	9015	14750
YDR100W	4017	3451	1127	2269
YDR479C	2157	1851	1279	1317
tS(AGA)D1	1	0	0	0
YDL117W	2181	1843	1378	1760
YDR140W	886	810	406	769
YDR381W	15665	13734	7242	6026
tQ(UUG)D2	0	3	0	0
YDR327W	290	314	82	278
YDR062W	11951	10326	6960	9926
YDR143C	2442	2246	1486	1813
YDL172C	1	0	0	2
YDL053C	2211	1872	1006	1238
YDR223W	550	374	168	414
YDL037C	19	5	17	72
YDL167C	1380	1237	1610	2525
YDR246W-A	7	16	3	13
YDR371C-A	0	0	0	0
YDR517W	4200	3562	3565	3749
YDL226C	1923	1841	2264	2529
YDR467C	29	34	9	25
YDL134C	7299	6225	2996	4386
YDR117C	1121	917	651	883
YDR314C	584	489	385	486
YDR440W	434	389	337	517
YDR303C	1675	1699	1102	1667
YDL078C	7636	6910	4546	5705
YDL238C	1367	1202	540	711
YDR529C	7999	6866	1719	2824
YDR437W	358	302	285	309
snR47	184	231	25	124
YDL196W	47	30	0	23
YDR452W	4569	3763	2721	3603
YDR445C	0	0	0	0
YDR347W	4255	3553	2213	3463
tQ(UUG)D1	4	3	2	0
YDR490C	2340	2043	764	1024
YDR516C	22512	17848	6955	8695
YDR509W	2	0	0	2
YDL193W	1920	1795	1244	1344
YDL137W	10358	8951	4684	8458
YDL118W	11	11	12	12
YDR235W	1541	1613	731	1101
YDR233C	7706	6553	5199	6971
YDR388W	5779	4645	2337	2832
YDR209C	300	361	207	245
YDR049W	667	580	566	468
YDL194W	3389	2524	1067	1517
YDR021W	364	342	342	626
YDR353W	6960	6144	4209	6423
YDR051C	1197	1094	804	1029
YDR288W	899	895	461	709
YDR141C	4572	3428	1826	3510
YDR194C	4151	3621	2816	3960
YDR424C	757	700	422	616
YDR054C	2579	2249	1109	1593
YDR122W	3305	2349	850	1222
YDR184C	535	459	320	518
YDR183C-A	19	41	3	6
YDL240W	2690	2507	1770	2319
YDR056C	2108	1821	1374	1717
YDR541C	1144	946	679	980
YDL042C	490	415	312	493
YDR185C	830	619	357	359
YDR328C	1646	1680	2043	1334
YDR280W	873	739	676	986
tV(UAC)D	10	11	6	23
YDR098C	1906	1636	1090	1836
YDR005C	1817	1607	919	1220
YDR423C	767	606	297	536
YDR017C	3355	2758	2157	2539
YDR419W	816	772	618	825
YDR444W	1429	1354	868	1356
YDR341C	9004	7981	9050	12411
YDR154C	2278	2294	345	1576
YDR464W	996	683	608	866
YDR132C	615	611	347	592
YDL210W	107	128	52	132
YDR395W	8874	8185	7532	9946
YDL222C	1025	1081	114	137
YDR372C	5043	4697	3423	4287
YDR325W	1981	1671	1222	1555
YDR216W	8233	7178	1457	2335
YDR082W	833	697	512	616
YDL224C	3045	2178	887	1621
YDR498C	1224	1103	1020	1001
YDR010C	38	25	13	29
YDR006C	1718	1110	585	1396
YDR182W	3009	2538	1419	1993
YDL102W	1640	1420	1069	1755
YDL179W	677	657	384	619
YDL067C	3547	2950	878	1610
YDR030C	356	273	141	308
YDR020C	283	202	186	433
YDR527W	463	414	295	536
YDR333C	2328	2013	1551	1816
YDL093W	3764	3045	2395	3183
YDL043C	349	302	183	305
YDR139C	1015	863	862	1109
YDR322C-A	1623	1336	400	766
YDL130W-A	998	733	285	308
YDR210W	0	0	0	0
YDR260C	375	255	334	390
YDL017W	619	601	348	535
YDR073W	769	627	450	528
YDL069C	128	148	45	74
YDR455C	15	14	14	11
YDR461W	2235	2049	598	1395
YDR435C	1783	1376	844	1279
YDL063C	1012	931	1391	2056
YDR121W	461	425	389	564
YDR178W	3502	3068	641	1342
YDL013W	690	471	437	557
YDR534C	163	111	50	86
YDR392W	487	295	164	238
YDR034C-A	50	43	46	29
YDL132W	5588	4825	1968	2846
YDR535C	75	63	27	33
YDR202C	762	691	245	394
YDL050C	6	9	1	3
YDR524C-A	0	0	0	0
YDL109C	352	324	192	289
YDR211W	4993	4201	4015	5302
YDR110W	669	633	608	926
tG(CCC)D	1	1	0	1
YDR274C	200	145	253	221
YDR167W	240	178	160	219
YDR156W	564	518	351	537
YDL223C	2584	2728	302	398
YDR075W	673	609	480	692
YDR039C	11	19	21	21
YDL088C	1921	1723	641	1249
YDL129W	289	251	287	242
YDL215C	6573	5970	3146	3514
YDR297W	8446	6177	6903	8791
YDR131C	781	716	364	484
YDR230W	70	44	13	26
YDR348C	2898	2446	1161	1729
YDL169C	499	375	64	90
YDR007W	464	431	328	577
YDL195W	6219	3495	2511	4463
YDR263C	1159	926	253	386
YDR220C	76	47	0	21
YDR429C	3494	3221	2870	5276
YDR119W-A	2710	2370	188	263
YDR421W	1017	905	492	660
YDL186W	115	91	160	241
YDL198C	1315	1014	1046	1273
YDL120W	1634	1361	482	1150
YDR379W	1823	1692	838	1105
YDL029W	10296	9108	6201	7566
YDR205W	1585	1313	610	1074
YDR094W	0	0	0	0
YDR369C	683	596	402	514
YDR088C	213	180	124	162
YDR411C	3758	3276	1457	2442
YDR441C	969	837	470	591
YDR446W	4	17	2	10
YDL183C	296	278	86	177
YDR194W-A	0	0	0	1
YDR114C	7	10	0	5
YDR442W	28	20	9	21
tK(CUU)D2	0	0	0	0
YDL059C	130	106	43	104
YDR016C	574	546	301	591
YDR430C	2212	1867	935	1698
YDR366C	16	13	5	28
YDR374W-A	483	425	192	348
YDR293C	13951	10595	3343	5900
YDR459C	1979	1680	1088	1398
YDR022C	522	458	232	259
YDR217C	1303	1085	1146	1404
YDR052C	889	658	346	480
YDL027C	1782	1639	555	638
YDR104C	815	699	401	563
YDL136W	4604	4213	8753	7411
YDR248C	964	904	444	560
YDR078C	243	261	140	189
YDR068W	267	263	211	307
YDL080C	1400	1230	1036	1405
YDR461C-A	329	330	63	112
YDR252W	145	100	101	148
YDL046W	4881	4584	1258	2722
YDR540C	164	188	81	121
YDR181C	550	458	365	440
YDL200C	298	275	74	191
YDR108W	1206	1218	847	1097
YDR337W	1566	1290	730	1270
YDR356W	5513	4770	752	998
YDL235C	1261	1154	716	998
YDR320W-B	19	25	6	15
YDL245C	52	59	52	38
YDR170W-A	216	183	186	281
YDR210W-B	341	213	100	512
YDR210C-D	452	245	74	277
YDR316W-B	203	92	54	413
YDR261C-D	569	354	151	841
YDR210C-C	0	0	0	0
YDR261C-C	0	0	0	0
YDR261W-B	1142	831	713	1147
YDR365W-A	0	0	0	0
YDR316W-A	0	0	0	0
YDR261W-A	0	0	0	0
YDR365W-B	356	191	91	421
YDR098C-B	347	277	41	271
YDR098C-A	0	0	0	0
YDR210W-A	0	0	0	0
YDR034C-D	502	357	161	299
YDR034C-C	0	0	0	0
YOR185C	4682	4287	1799	2590
YOR237W	58	40	32	42
YOL048C	2335	2077	479	1134
tG(GCC)O1	0	0	0	1
YOL144W	141	95	114	186
snR8	3165	2822	3667	2767
YOR082C	7	2	1	4
YOL072W	641	592	244	462
YOR114W	313	263	60	91
YOL085C	13	36	11	12
YOR385W	1327	1293	326	888
YOR214C	46	20	2	11
YOL119C	609	548	272	438
YOR019W	670	648	199	436
YOR206W	1931	1847	2560	3399
YOR345C	3	4	1	6
YOR341W	14528	12459	20395	27339
YOL088C	1677	1566	618	1147
YOR392W	6	4	0	0
YOR160W	2729	2198	1098	1778
YOR084W	470	409	210	225
YOR039W	2455	2198	1309	1976
YOR264W	767	673	454	727
YOR281C	703	732	590	776
tK(UUU)O	55	58	3	51
YOR230W	41270	32931	25670	27165
YOR144C	652	539	325	601
YOL081W	16332	12927	6978	13100
YOL052C	2043	1921	1685	2068
YOR285W	11921	10662	8053	7473
YOR058C	1659	1514	743	1106
YOR270C	56204	48671	42789	50813
YOL154W	230	219	193	263
YOR115C	1087	1044	645	1003
YOL003C	1255	1211	929	1014
YOR258W	305	241	169	210
tN(GUU)O2	3	7	0	6
YOL103W	3040	2455	1671	2884
YOR215C	1822	1698	741	839
YOL095C	271	254	120	228
YOL063C	1856	1483	816	1130
YOL079W	0	0	0	0
YOR389W	278	247	123	173
YOR231W	1231	953	347	554
YOR021C	1348	1341	1563	1934
YOR139C	8	4	2	2
YOR120W	4351	3787	649	830
YOL038W	3458	3003	1553	1768
YOR023C	200	123	37	113
YOL124C	360	379	602	874
YOR212W	3698	3198	2023	3166
YOL013W-A	30	29	9	41
YOL120C	28026	23514	51591	50025
YOR181W	259	196	76	159
YOR333C	0	1	0	0
YOR335C	16861	14269	18050	21779
YOL046C	6	13	2	7
YOL029C	345	206	94	257
YOL155W-A	29	33	6	19
YOR072W	67	54	45	88
YOL161C	0	0	2	4
snR58	33	17	16	13
YOL122C	6146	5424	4052	7365
YOR252W	305	306	440	530
YOR157C	2580	2150	889	1462
YOL107W	840	819	308	553
YOR274W	811	762	373	695
YOL013W-B	2	5	1	2
YOR343C	73	80	19	46
YOR093C	2931	2599	1381	2035
YOR381W-A	18	35	24	11
YOL065C	769	579	360	569
YOR092W	5330	4910	2880	3454
YOR207C	3660	3457	3383	4773
YOR365C	106	73	95	163
YOL005C	1516	1265	1611	1526
YOL020W	7035	6424	4632	7141
YOL053W	1182	1106	535	671
YOL117W	667	605	256	315
YOR038C	1700	1524	859	1382
YOR303W	1170	980	1377	2340
YOR137C	2848	2051	1245	1339
YOL034W	828	688	540	715
YOR052C	4879	4773	1260	2052
YOR190W	305	247	97	150
YOL039W	18461	15493	23017	27094
YOR349W	979	921	431	760
YOL090W	2042	1787	1501	1939
YOR271C	1344	1010	1037	1675
YOR173W	6187	5399	858	1296
YOR106W	593	578	437	447
YOR108W	2809	2441	4518	5578
YOR059C	1898	1678	710	1069
YOL149W	839	796	379	761
YOR121C	315	487	31	128
YOL106W	40	52	26	30
snR9	19578	15277	3369	12419
YOR295W	247	248	301	296
YOR203W	23	16	21	34
YOR132W	1543	1191	448	659
YOR216C	688	616	669	796
YOR099W	16105	13860	7875	16884
YOR001W	2220	2038	2925	3219
YOR009W	41	21	4	37
YOR204W	31869	25419	39029	37864
YOR209C	4684	3833	2752	4172
YOR284W	361	339	262	391
YOR036W	698	579	242	371
YOR154W	808	752	705	996
YOR048C	2139	1892	2155	3001
YOL073C	2625	2155	1282	1338
YOL152W	697	670	130	388
YOL101C	1479	1512	3134	2395
YOR085W	3060	2689	1645	2990
YOR227W	4144	2824	983	2020
YOR159C	259	199	131	245
YOR146W	0	0	0	0
YOR372C	834	632	301	463
YOR112W	2815	2440	1196	1464
YOR387C	198	145	52	82
YOR229W	1688	1334	2179	2148
YOR068C	0	0	0	0
YOR376W-A	399	267	82	218
YOL050C	12	9	4	8
YOR342C	464	374	320	442
YOL035C	73	61	8	30
YOR251C	2493	2071	1983	2391
YOR041C	24	15	1	4
YOR130C	353	304	261	391
YOR119C	458	385	386	534
YOL166C	4	3	0	2
YOR008C	4460	4011	2671	3074
YOL011W	14327	13336	4577	6433
YOR248W	6	3	1	6
YOR202W	633	558	1159	849
YOR266W	750	698	308	493
YOR140W	172	120	95	182
YOR004W	486	438	869	927
YOR308C	513	425	388	515
YOR032C	484	473	153	276
YOR311C	2638	2479	1972	2344
YOL019W	1026	724	502	859
YOL138C	1201	1045	538	768
YOL151W	1782	1721	1377	1376
YOR330C	2657	2319	1682	2266
YOR379C	0	1	0	0
YOR142W	10215	9004	5498	6491
YOR268C	60	44	14	29
snR81	1103	921	407	1020
YOR017W	1312	1170	713	983
YOR394W	0	0	0	0
YOL134C	0	3	2	1
YOR002W	5860	5229	3212	5493
YOR194C	115	100	38	107
YOR298C-A	20207	17687	7210	7651
YOL069W	1004	839	590	873
YOR014W	6544	5804	2167	2881
YOR346W	1422	1304	941	1633
YOR044W	1202	1122	223	493
YOR275C	2755	2258	1229	1702
YOR174W	811	698	513	627
YOR336W	2826	2293	2355	3623
YOL094C	873	667	749	747
YOR122C	18407	15904	11279	16943
YOR256C	4160	3392	1788	2184
YOL137W	607	474	241	593
YOR350C	1324	1165	767	1142
YOR196C	1378	1222	800	1207
YOR380W	945	902	458	587
YOR314W-A	1	4	0	5
tA(UGC)O	4	0	0	0
YOL097W-A	41	57	24	59
YOR376W	41	23	6	8
YOR369C	39458	34728	31871	62272
YOL132W	105	92	70	101
YOR296W	2326	1976	1325	2001
YOR260W	2987	2487	1303	2759
YOR373W	652	468	372	586
YOR163W	836	721	391	672
YOR029W	16	34	4	14
YOL042W	1264	1147	590	1090
YOR316C	3835	3395	1316	1821
YOR326W	11421	9893	8584	10701
YOR293C-A	40	50	19	76
YOL036W	1659	1195	536	853
YOR072W-B	0	0	0	0
YOR332W	3383	2635	1439	2345
YOL002C	2488	2463	4934	6211
YOR193W	501	590	194	259
YOR243C	1589	1355	2402	3310
YOR126C	969	808	522	626
YOR070C	1383	992	616	932
YOR328W	2074	1899	918	1252
YOL056W	771	579	590	873
YOR098C	2335	1923	1544	2437
YOL110W	1072	954	531	828
YOR213C	844	737	618	886
YOR253W	630	483	382	656
YOR008C-A	73	43	16	63
YOL113W	2190	1967	644	817
YOR060C	522	414	256	461
YOL076W	2733	2400	1909	2936
YOR186C-A	0	0	0	0
YOR381W	1696	1323	460	754
YOR113W	1440	1096	344	628
YOR273C	8885	7739	2729	4570
tN(GUU)O1	0	0	4	3
YOR161W-A	0	0	0	0
YOL147C	1088	1070	696	1258
YOR338W	247	242	130	205
YOR178C	5879	4201	613	1126
YOR188W	645	530	481	653
YOL159C	912	886	404	557
YOR382W	106	96	67	219
YOL071W	578	506	164	279
YOR363C	1786	1475	837	963
YOR069W	1404	1198	832	930
YOR075W	738	720	388	453
YOR124C	6495	6045	2468	3985
YOR008W-B	28	11	5	18
snR31	8731	7839	2888	10794
YOL025W	965	906	339	600
YOR057W	1108	948	803	742
YOR265W	516	463	306	494
YOL127W	21893	19613	30165	40289
YOR107W	645	500	484	502
YOL142W	1303	1007	1027	1490
YOR239W	2107	1897	2614	2636
YOL091W	120	109	32	72
YOR317W	17765	15042	6349	10544
YOR370C	4293	3649	3118	4476
tM(CAU)O1	0	0	0	1
YOR211C	2718	2148	1380	1429
YOR191W	3110	2455	1824	2415
YOL064C	2026	1762	1772	2696
tT(AGU)O1	0	0	0	0
YOL049W	1701	1360	905	1548
YOL043C	361	292	138	227
YOR043W	2823	2115	1266	1886
YOR331C	2	0	0	0
YOR309C	60	101	33	96
YOR104W	363	321	189	267
YOL114C	258	197	84	146
YOR300W	16	14	6	6
YOR220W	5114	4748	929	1495
YOR378W	477	436	246	304
YOL059W	3413	2419	1964	2551
YOR386W	1044	766	376	532
YOL027C	2345	1902	1524	1721
snR62	237	242	44	158
snR17a	238270	227160	188459	212632
YOL155C	5710	4903	3886	4461
YOR375C	6410	5841	3330	3539
snR35	20369	13543	8563	19084
YOR100C	235	218	40	65
YOL026C	638	549	220	563
YOL012C	1218	987	725	1251
YOR026W	646	544	310	526
YOR359W	483	340	239	616
YOR250C	1020	866	446	798
YOL013C	2521	2199	1215	1701
YOR272W	1294	1242	2223	2607
tG(GCC)O2	4	1	5	3
YOL164W-A	33	48	14	29
YOL082W	2533	2093	639	1014
snR36	227	199	134	229
YOR035C	2146	1784	790	1169
YOL016C	4713	3950	1381	2210
YOR007C	10503	8915	5324	6019
YOR325W	6	7	1	5
YOL085W-A	119	80	14	44
YOL160W	5	15	5	29
YOR361C	5594	4637	5209	6488
YOL158C	1300	1084	821	1360
YOR315W	1767	1702	2751	2866
YOR010C	105	102	38	66
YOR384W	764	569	255	524
YOR234C	4395	4013	5782	9929
YOR283W	1906	1756	1416	1884
YOR020W-A	1225	1177	633	689
YOL045W	1192	1041	575	967
YOR102W	6	8	2	7
YOL128C	525	566	601	754
YOR360C	6988	6433	3388	4955
YOL097C	3679	3286	3288	5347
YOR164C	4117	3894	2864	4170
YOR175C	8392	7645	11862	10198
tP(UGG)O1	0	0	0	0
YOR086C	10157	8159	6798	10026
YOR242C	138	167	64	87
YOR155C	1692	1773	996	1213
YOL019W-A	4	3	0	0
YOL030W	17474	14020	9945	12448
YOR323C	3793	3213	4279	4668
YOL017W	504	452	356	424
YOR233W	2203	1935	1129	1802
YOL037C	16	7	0	7
YOR083W	79	62	60	73
YOL010W	939	809	682	1077
YOR118W	1167	1004	574	956
YOR128C	6134	5494	5436	7960
YOL125W	887	672	1002	1342
YOL004W	5075	3293	1806	2964
YOR177C	60	71	90	82
YOR166C	777	696	503	680
YOR006C	645	621	501	754
YOR324C	1413	1183	844	1065
YOL024W	21	25	6	14
YOR033C	2165	1672	858	1313
YOL033W	1068	983	815	848
YOL070C	1448	1036	818	751
YOR116C	7167	5688	4816	7727
YOL067C	491	503	450	358
YOR145C	834	773	741	1355
YOR304C-A	145	138	117	192
YOR192C	346	277	174	312
YOL109W	16205	15148	20597	13666
YOR078W	504	499	515	756
YOR134W	550	542	168	212
YOR131C	424	348	105	306
YOR368W	1051	1012	700	734
YOL111C	631	469	279	391
YOR168W	5603	4839	5265	7599
YOR226C	383	451	307	325
YOL162W	36	33	24	32
YOR334W	737	619	426	592
YOR241W	2034	1767	1635	1947
tP(UGG)O2	0	0	0	0
YOR245C	3358	2994	1422	1813
YOL009C	572	564	232	357
YOR153W	22007	21767	41785	54868
YOR358W	327	250	258	222
YOR335W-A	0	0	0	0
YOR170W	34	43	1	14
YOR267C	753	486	176	362
YOR081C	1579	1132	583	1219
YOL145C	2803	2200	1871	2931
YOL156W	143	142	51	113
YOR322C	3703	3117	1298	1994
YOL044W	623	519	214	437
YOR054C	877	762	233	356
YOL031C	1874	1657	1748	2014
YOR034C-A	244	199	44	114
YOR306C	2051	1532	892	1390
YOR261C	5651	5209	2631	3744
YOR293W	13234	11738	23903	24618
YOR062C	401	462	142	261
YOR339C	80	93	54	102
YOR067C	3789	3327	2062	3307
YOR312C	17406	15813	21505	32227
YOR094W	343	280	268	407
YOL135C	168	127	34	91
YOL105C	575	375	337	379
YOR329W-A	5	7	0	3
YOR197W	3445	2703	1592	2814
YOL104C	3549	3102	1231	1479
YOR262W	1116	1008	746	1047
YOR167C	14596	11416	17355	21952
YOL015W	268	217	116	159
YOR161C	2301	2342	402	833
YOR393W	2	0	0	0
YOR105W	11	16	4	9
YOR210W	1108	1061	1943	1204
YOR364W	22	10	3	8
YOL087C	5161	4466	2437	2984
YOR127W	2895	2327	1566	2202
YOR184W	8447	7610	9169	13040
YOR150W	1845	1623	1063	1543
YOR179C	261	266	308	297
YOR340C	1093	1048	1895	2444
YOR354C	4808	4274	2212	3449
YOR217W	924	772	936	1200
YOR298W	546	516	88	178
YOL006C	1477	1293	1192	1573
YOR259C	2581	2273	1616	2073
YOR318C	296	201	84	224
YOR320C	2733	2555	1863	2761
YOR222W	2594	2462	1165	1618
YOL165C	19	26	1	4
YOL007C	495	446	332	671
YOR307C	4087	3462	1366	2608
YOL051W	1047	718	550	731
YOR091W	569	511	812	799
YOR079C	1031	876	895	1140
YOL022C	1202	1136	1221	1701
YOR278W	758	674	447	574
YOR024W	2	4	0	5
YOL148C	1159	898	666	899
YOL078W	1085	933	665	960
tP(UGG)O3	20	18	6	23
YOR089C	1138	926	416	632
YOL098C	6401	5683	4571	5726
YOR171C	2464	2084	1248	1695
YOL089C	1270	1044	614	1022
YOL150C	2	0	0	0
YOR095C	346	326	522	968
YOL146W	647	555	394	674
YOR224C	4464	3888	5049	5895
YOR302W	57	72	42	90
YOR286W	2564	2295	1227	2129
YOR046C	4018	3560	2999	4336
tG(CCC)O	5	7	2	5
YOR388C	70	96	6	15
YOR228C	2488	2091	903	968
YOL112W	1098	958	546	869
YOR141C	1329	1201	861	1190
YOL131W	88	94	17	31
YOR049C	1411	1235	1300	1834
YOL143C	7904	6700	6419	8048
YOR172W	1560	1294	642	1080
YOR149C	2184	1966	1003	2008
YOL164W	1028	856	694	935
YOR011W	1394	1043	884	1534
YOR071C	945	758	1411	1969
YOR022C	813	548	294	402
YOR125C	2072	1974	725	1451
YOL141W	414	390	569	852
YOR101W	1095	971	1364	1927
YOR263C	8	5	2	1
YOR383C	792	526	594	953
YOR056C	772	721	963	1108
YOL075C	2775	2298	1796	2523
YOR073W-A	0	1	0	2
YOR246C	3955	3432	5506	4556
YOR042W	1752	1453	1161	1032
YOR236W	281	287	455	586
YOR183W	14	22	10	11
YOR176W	11267	9335	5373	7856
YOR238W	794	656	318	582
YOR367W	1154	1039	636	850
YOR297C	1323	1211	526	917
YOR310C	3425	2908	4615	6107
YOR063W	89103	75018	177703	131811
YOR189W	433	391	290	395
YOL129W	7857	6697	3239	4860
YOR280C	879	781	628	913
YOR037W	835	682	240	575
YOR090C	1821	1484	750	1350
YOR313C	67	100	70	108
YOL032W	1362	1012	454	484
YOR158W	1316	1287	696	976
YOR162C	948	796	405	582
YOL092W	2258	2225	1470	3044
YOL061W	10876	9554	9038	12460
YOR232W	3534	3098	2625	3822
YOR219C	3984	3297	1370	2312
YOR182C	8634	7527	10005	14598
YOL099C	8	7	0	6
YOR294W	617	572	703	1178
YOR288C	2111	1951	832	1124
YOR110W	929	819	507	598
YOR040W	589	518	203	403
YOL083W	918	896	209	336
YOL136C	3482	3007	1217	2049
YOL130W	2413	1891	1374	2218
YOL021C	3312	2963	3300	4298
YOR282W	1	0	0	0
YOL077W-A	1123	1050	238	536
YOR319W	460	400	252	438
YOR030W	1747	1496	518	1003
YOR291W	6121	5127	3188	3993
YOL077C	1750	1494	1950	2651
YOR390W	403	325	207	304
YOL052C-A	1019	970	15	87
YOR123C	137	128	84	197
YOR013W	207	214	57	161
YOR249C	1128	1024	499	612
YOR362C	4901	4253	2812	2960
YOL058W	780	746	1248	1107
YOR143C	762	688	359	699
YOR347C	3045	2411	1166	1221
YOL157C	119	86	138	139
YOL057W	5427	4566	3502	4935
YOR321W	3751	3393	2997	3690
YOR015W	925	774	277	492
YOR111W	415	435	215	370
YOL008W	569	493	173	388
YOR279C	164	143	135	125
YOR394C-A	0	2	0	0
YOR180C	340	318	142	231
YOL055C	925	873	613	784
snR5	17731	14655	6129	12126
YOL139C	9041	8177	7119	11095
YOR287C	183	181	301	343
YOR198C	5778	4558	4282	3885
YOR053W	2	0	0	0
YOL054W	217	186	113	182
YOR012W	172	222	67	78
YOL118C	238	208	69	202
YOR034C	2766	2174	1317	2047
YOR374W	23296	20243	2737	4398
YOR018W	1496	1230	331	740
YOL084W	1596	1444	142	239
YOR314W	40	36	7	35
YOR050C	115	83	22	49
YOR391C	22	14	6	5
YOR327C	797	637	492	686
YOR352W	1051	861	341	659
YOR348C	161	120	37	49
YOL115W	826	693	540	729
YOR066W	635	594	179	444
YOR072W-A	27	49	18	32
YOL096C	1037	955	514	533
tM(CAU)O2	9	8	2	5
YOR020C	11702	10426	2195	6324
YOR133W	41866	34074	58631	56584
YOR356W	3322	2547	1753	2097
YOR208W	960	812	191	392
YOR357C	1135	1087	605	819
YOR277C	1	0	0	0
YOR276W	910	905	759	994
YOR247W	205	150	83	152
snR50	176	179	151	180
YOL047C	223	204	136	143
YOR221C	600	438	224	473
YOR344C	1847	1612	649	1029
YOR269W	881	829	733	976
YOR152C	1252	1323	417	488
YOR103C	71	88	45	73
YOR377W	2096	1758	1530	1643
YOR129C	1148	1017	738	975
YOL038C-A	129	96	33	88
YOR156C	764	519	316	429
YOR329C	986	834	344	555
YOR351C	92	98	34	79
YOL040C	22489	20660	35284	36414
YOL159C-A	261	274	94	180
YOR051C	1824	1860	3278	3421
YOR003W	700	608	222	318
YOR064C	345	286	173	175
YOR073W	416	352	250	365
YOR201C	677	692	487	648
YOR065W	6330	5272	979	1603
YOR186W	186	194	32	51
YOR045W	1968	1782	632	1811
YOL018C	836	687	414	613
YOL133W	317	341	130	245
YOR087W	3507	3078	1753	2369
YOL028C	265	223	245	223
YOL086C	442371	353568	651015	612511
YOL108C	226	235	123	142
YOL023W	939	739	416	577
YOR011W-A	8	9	3	4
YOR165W	4027	3155	4026	4020
YOL068C	2155	1962	1283	1860
YOR138C	2556	2171	1774	1729
YOR016C	4005	3724	2327	2702
YOL121C	9418	8642	12204	14141
YOL126C	12392	10856	3455	6152
YOR235W	133	169	46	135
YOR080W	608	588	391	557
YOR169C	13	8	2	15
YOR028C	282	333	187	300
YOR225W	51	28	11	38
YOR108C-A	0	0	0	0
YOR109W	4009	3138	2005	2714
YOL093W	582	514	490	694
YOR147W	2313	2074	688	1097
YOR218C	3	3	0	10
YOR254C	5845	5550	5558	7382
YOL080C	146	135	276	355
YOR161W-B	0	0	0	0
tY(GUA)O	0	0	0	2
YOR136W	11745	10277	5510	6703
tR(ACG)O	1	2	0	0
YOR192C-C	102	66	35	77
YOR205C	890	873	447	741
YOR200W	0	0	0	0
YOR305W	599	605	284	627
YOR195W	484	446	389	534
YOL123W	4900	4200	2404	2418
YOR097C	732	646	143	425
YOL083C-A	0	0	0	0
YOL086W-A	710	460	213	346
YOR337W	987	836	760	1181
YOL100W	416	285	186	330
YOR289W	1714	1608	497	592
YOR255W	6	8	2	6
YOR304W	1851	1548	1437	1856
YOL163W	47	59	64	41
YOR077W	209	162	240	220
YOR074C	460	345	259	388
YOR117W	4631	4166	2420	3065
YOR055W	26	24	1	20
YOL166W-A	0	0	0	0
YOL066C	742	634	516	772
YOR396W	58	35	4	8
YOR161C-C	13	23	14	9
tV(AAC)O	11	8	0	9
YOR151C	11759	9693	7211	10951
YOR187W	24075	20564	11924	16488
YOL001W	968	899	419	623
YOR005C	987	789	242	398
YOR199W	116	94	8	38
YOR355W	4800	4002	1571	2610
YOR290C	4390	3254	1767	2461
YOR396C-A	0	0	0	0
YOR047C	929	899	839	1059
YOL014W	265	223	324	416
YOR244W	1456	1184	633	845
YOL102C	566	475	528	577
YOL060C	4004	3433	1322	1925
YOL041C	865	752	1023	1435
YOL116W	736	768	464	641
YOR353C	1072	1061	454	982
YOR299W	2425	2188	1460	1887
YOR366W	1	1	0	1
tD(GUC)O	14	10	13	43
YOR096W	20015	17611	67073	38706
YOR148C	256	250	189	265
YOR301W	480	443	397	644
YOR257W	63	68	42	40
YOR135C	28	27	2	12
YOR032W-A	17	16	7	18
YOR223W	325	282	119	188
YOR076C	884	721	350	607
YOR231C-A	0	0	0	0
YOR316C-A	55	45	17	62
tS(GCU)O	14	12	10	15
YOR061W	1885	1665	1146	1834
YOR025W	963	773	530	696
YOR371C	1389	1105	711	1293
YOL140W	936	852	1246	1311
YOL062C	2666	2513	1834	2486
YOR292C	1535	1625	846	1192
tG(UCC)O	0	0	0	4
YOR027W	16051	14621	3289	3756
tT(AGU)O2	0	0	0	0
YOR142W-B	120	83	20	150
YOR192C-A	0	0	0	0
YOL103W-B	340	187	64	379
YOR142W-A	0	0	0	0
YOR192C-B	306	252	208	495
YOR343W-B	481	355	151	321
YOR343W-A	0	0	0	0
YOL103W-A	0	0	0	0
YGL087C	2289	1882	1901	1460
YGL156W	6125	5064	1324	1698
YGL015C	30	16	18	25
RME2	2	0	0	1
YGR251W	223	208	278	333
YGR162W	6879	5958	10852	11592
tK(UUU)G2	13	10	4	17
YGR005C	609	493	416	686
YGL160W	2643	2265	1080	1435
snR46	12721	9885	1693	8738
tD(GUC)G1	6	7	10	4
YGL211W	441	360	284	598
YGR141W	1417	1206	487	790
YGL239C	19	8	2	12
YGL097W	2207	1789	2685	2637
YGR030C	604	544	235	466
YGR224W	980	783	363	447
YGR142W	2586	2138	563	770
YGR186W	2205	1800	1823	2229
YGR181W	728	686	225	518
YGL081W	151	115	60	94
YGR082W	3192	2700	2976	3953
YGL028C	1321	1012	1617	3293
YGL021W	3900	3552	2159	2760
YGL110C	373	289	185	315
YGR167W	3430	2846	1585	2006
YGL017W	946	891	463	758
tA(UGC)G	0	2	0	0
YGR156W	393	374	198	396
YGR291C	14	5	0	6
YGR197C	918	721	150	395
YGR041W	1425	1191	501	941
YGL079W	601	587	428	607
YGL107C	2216	1948	1384	1745
YGL168W	420	379	141	215
YGL228W	3962	3534	2739	3068
YGR183C	5202	4999	950	1715
YGL050W	366	304	329	367
YGR273C	10	5	12	12
YGR086C	13156	10226	3687	5110
YGR228W	2	0	0	0
YGL145W	1250	1227	644	946
YGR098C	2924	2948	1308	2239
YGR074W	78	53	61	73
YGL098W	955	797	226	337
snR7-S	0	0	0	0
YGL096W	520	485	179	268
YGR240C-A	154	157	107	209
YGR172C	1741	1556	568	1168
YGR194C	2572	2244	648	1085
YGL026C	21487	18103	20111	20436
YGL213C	1730	1388	1365	1695
YGL248W	2693	2391	920	1514
YGL075C	305	237	124	264
YGL256W	3330	2728	1775	2127
YGL012W	16852	14875	10579	15142
YGL082W	2333	2460	1003	1757
YGR161C	1659	1411	353	443
tW(CCA)G1	40	28	12	31
YGR274C	1552	1388	1076	1327
YGR031C-A	0	0	0	0
YGL037C	32514	30900	4814	7823
YGL252C	1987	1606	793	1476
YGL250W	309	216	127	235
YGR260W	5926	5087	4503	6805
YGR159C	813	770	2165	3026
YGR006W	249	204	118	248
YGL121C	5412	4908	2066	2223
YGL040C	8397	7421	4822	6399
YGR130C	5968	5277	1933	2152
YGR021W	789	774	424	659
YGR097W	1970	1691	781	1245
YGL170C	46	32	34	30
YGL166W	353	234	136	219
YGL104C	3211	2616	727	1220
YGR149W	3672	3751	861	1235
YGR195W	998	879	812	1082
tG(GCC)G2	4	4	0	3
YGR250C	10920	9413	3518	4327
YGL155W	1721	1561	1517	1623
YGL216W	489	421	275	506
YGR029W	827	665	586	675
YGL125W	1901	1594	612	813
YGR038W	1482	1393	619	1056
YGR008C	4228	3487	1386	1687
YGR248W	4358	3948	488	828
YGL094C	6122	5051	2951	4171
YGR131W	185	212	117	157
YGR163W	1087	888	655	872
YGR125W	4982	4324	2170	3293
YGR279C	21538	15570	10280	17603
YGL022W	11129	9177	6128	9272
tD(GUC)G2	3	5	7	15
YGR271W	4191	3370	2449	3270
YGL025C	239	272	198	207
YGL176C	1237	1056	606	891
YGR031W	498	536	575	560
YGL102C	24	25	24	59
YGR182C	3031	2742	331	1017
YGR025W	345	308	55	192
YGL113W	644	597	272	489
YGR188C	320	216	197	368
YGL162W	85	102	34	81
YGL084C	6223	5634	2311	3919
snR10	75	55	8	61
YGL196W	3548	3250	1891	2686
RME3	0	0	0	0
YGR230W	480	456	204	280
YGR084C	1339	1263	472	911
YGL222C	60	55	49	124
YGR166W	1156	1029	491	849
YGR122C-A	66	92	55	41
YGR152C	330	262	135	247
YGL210W	706	538	455	486
YGR265W	76	45	49	36
YGR157W	34691	35570	18706	23325
YGL240W	303	251	165	204
YGR085C	7114	6575	9109	11989
YGR237C	1918	1701	1067	933
YGL146C	508	386	166	202
YGL153W	227	238	138	139
YGR075C	479	454	152	488
tT(UGU)G2	36	17	5	11
YGL169W	1033	850	691	1228
YGR187C	262	228	297	489
YGL167C	10070	8052	5233	8482
YGR050C	367	354	60	109
YGR035W-A	416	369	589	420
YGR217W	3740	3295	2508	3715
YGR068C	406	321	159	241
YGR296W	49	41	2	12
YGR177C	1310	1128	1213	1602
YGL068W	585	520	316	455
tN(GUU)G	0	1	5	3
YGL018C	236	181	71	120
YGL188C	1449	1317	180	528
YGR126W	368	274	166	279
YGL065C	1302	1290	749	916
YGL014W	1570	1001	530	1400
YGL100W	3544	3007	1994	2862
YGR288W	652	550	398	536
YGL174W	353	292	131	165
YGR211W	3222	2989	3366	3679
YGL204C	215	194	168	317
YGR270W	2877	2051	1650	1952
YGR204W	13778	11039	15573	18282
YGR266W	1500	1367	701	1087
YGL070C	721	671	732	712
YGL225W	9668	8383	4408	10732
YGL120C	2630	2462	3322	4856
tE(UUC)G1	13	7	3	25
YGR252W	823	590	534	608
YGL106W	1982	1865	1599	1826
YGR284C	8725	8463	2983	5588
YGR032W	20259	14252	12269	18172
YGR174C	825	742	462	384
YGR208W	1557	1477	2758	2770
YGL016W	4681	4201	4255	6464
YGR255C	8154	6563	3507	4325
YGR146C-A	114	85	22	53
YGL194C	1217	1193	896	1267
YGL138C	2	7	4	3
YGR091W	562	488	372	479
YGR200C	3456	2853	3308	4720
YGR191W	4993	4371	4234	6722
YGR270C-A	0	0	0	0
YGL227W	2655	2327	706	1034
YGR081C	602	542	800	937
YGL243W	535	413	294	561
YGL194C-A	838	702	242	768
YGR148C	8742	7549	15671	14194
YGL136C	1095	1013	499	753
YGR276C	927	920	739	927
YGL129C	2075	1754	698	1212
tR(UCU)G2	0	0	0	0
YGR053C	311	283	143	150
YGR069W	31	31	23	42
YGL224C	1188	1102	510	934
YGL193C	0	0	0	0
YGL020C	1805	1588	979	1566
YGL177W	187	144	40	105
YGL189C	21458	19677	45842	33741
YGR122W	1416	1289	584	845
YGL003C	1595	1373	743	1043
YGR210C	2965	2523	2166	2627
tG(GCC)G1	8	16	5	16
YGR079W	900	959	1124	1072
YGL115W	5011	4288	2150	3372
YGL105W	10977	9026	8744	10362
YGR026W	8994	7917	3016	4940
YGR087C	152	96	47	43
YGR278W	418	375	231	320
YGR042W	703	662	230	406
YGR043C	3812	3760	201	298
YGL165C	66	53	17	44
YGR110W	433	437	143	230
YGR089W	2112	1911	1392	1566
YGL158W	101	89	32	45
YGR262C	929	1002	771	1047
YGL200C	9126	8032	6631	10221
YGL117W	306	279	512	505
YGL186C	1726	1546	1778	2762
YGR010W	814	616	497	587
YGR198W	1831	1697	897	1470
YGR137W	303	254	60	98
YGL058W	1990	1777	1175	1727
YGL226W	363	320	202	236
YGL055W	61384	57798	124052	115031
YGL184C	1032	1011	126	166
YGL024W	1	2	0	0
tV(AAC)G3	1	6	0	18
YGL151W	2677	2309	881	1739
YGR101W	2382	2268	1123	1457
YGL230C	76	80	31	58
YGR103W	2032	2066	6170	5215
YGR096W	632	498	288	583
YGR112W	1491	1214	534	625
tI(AAU)G	7	9	1	7
YGL013C	2147	1961	1252	1644
YGL076C	22017	18397	24253	36183
YGR067C	272	236	42	97
YGR094W	22124	17932	25570	30757
YGL226C-A	946	822	335	957
YGR045C	101	127	29	82
YGR175C	24558	20833	32142	34262
YGL008C	293742	248596	410841	428283
YGR115C	0	0	0	0
YGR108W	5257	4696	3447	4625
YGR218W	18723	15781	5365	9364
YGR205W	2529	1823	2164	2599
YGL073W	1047	900	393	642
YGL009C	18115	16043	10981	13155
YGL095C	1423	1383	635	1030
YGL137W	16201	13665	15915	15555
YGL214W	17	23	1	23
YGR105W	904	906	433	984
YGR001C	881	757	794	865
tK(UUU)G1	12	15	6	10
YGL217C	15	5	1	9
YGL173C	24176	20243	14502	17407
YGL086W	1011	899	699	979
YGR223C	1124	935	447	557
tS(AGA)G	6	4	0	2
YGR077C	2752	2240	973	1580
YGL052W	247	188	77	152
YGR285C	10180	8608	13487	9655
YGL080W	1076	883	329	695
YGL207W	9411	8578	5168	6770
YGR261C	3700	3238	2699	3866
YGR226C	0	0	0	0
YGL140C	6137	5174	3847	5500
YGL078C	2081	1908	3850	4536
YGL199C	0	0	0	0
YGR164W	24	14	8	23
YGR150C	1453	1212	765	997
YGL006W-A	66	65	26	23
YGR196C	1463	1179	912	1115
YGL197W	2629	2026	766	1384
YGR136W	1640	1430	410	665
YGR153W	115	92	41	68
YGL159W	832	817	530	848
YGR286C	1132	909	1437	1217
YGL254W	760	673	539	610
tH(GUG)G1	4	4	4	5
YGR023W	58	18	15	23
snR48	96	165	34	42
YGL063W	388	252	249	304
YGL154C	779	741	381	536
YGL035C	1250	1058	779	1049
YGR009C	847	674	582	811
YGR034W	14562	12612	22036	27276
YGL064C	375	464	277	502
YGR118W	10795	8739	12208	17759
YGR277C	777	691	489	629
YGR232W	2398	2021	845	1653
YGR227W	1101	873	290	750
YGL142C	4133	3872	1944	2959
YGL143C	931	789	852	905
YGR222W	798	724	522	879
YGL045W	1065	1031	177	303
YGL253W	67144	50977	76680	76934
YGR257C	2246	2166	1136	1805
YGL131C	1871	1689	1225	1492
YGR064W	8	12	10	13
YGR263C	1277	1093	677	1052
YGL049C	1939	1509	1324	1705
YGR296C-B	0	0	0	0
YGL202W	25259	22805	21406	21697
YGL258W-A	175	150	38	57
YGR133W	539	557	349	534
YGR109C	261	259	175	234
YGR037C	2891	2833	1379	3860
YGL077C	5443	5204	3968	5797
YGR111W	3160	2826	1626	2178
YGR016W	242	172	118	129
YGR245C	744	674	1266	1901
YGR287C	375	296	345	278
YGL244W	313	241	214	302
YGL057C	773	700	611	611
YGL187C	10693	10148	1827	3676
YGR180C	30561	26134	22038	24074
YGR116W	5215	4541	4485	5674
YGL181W	1616	1378	735	774
YGR202C	1324	1016	989	1028
YGL127C	260	248	104	210
YGR203W	582	488	467	598
YGL150C	2620	2076	1698	2434
YGR134W	2027	1932	1356	1915
YGR095C	917	795	787	1115
YGR214W	26922	22806	66371	48111
YGR269W	38	29	12	15
YGR176W	53	31	44	66
YGL263W	876	734	98	219
YGR057C	517	478	232	389
YGL074C	39	25	5	22
YGR007W	1771	1546	1164	1573
YGR241C	820	757	339	373
YGR127W	842	783	363	591
YGL219C	622	544	238	337
YGL061C	278	331	209	278
YGR083C	1295	1159	1057	1525
YGL038C	3851	3268	1350	2943
YGL047W	709	710	454	425
YGR244C	10223	8948	4648	5287
YGR289C	1536	971	407	475
YGL089C	126	107	60	79
YGL180W	1851	1293	356	530
YGR146C	2147	2061	338	722
YGL149W	7	5	7	9
YGL242C	1396	1275	1084	1151
YGR106C	16638	15586	10500	15298
YGR004W	1512	1351	1065	1310
YGR209C	10159	9301	4344	6056
YGR052W	783	809	255	578
YGR158C	892	742	761	1098
YGR003W	916	895	636	940
YGR219W	5	4	0	2
YGL247W	547	460	188	447
YGR170W	2246	1821	1122	1530
YGR246C	1332	1053	996	1194
YGL183C	18	19	10	13
YGR160W	6	10	3	5
YGR204C-A	116	100	28	81
YGR039W	240	204	36	97
YGL059W	1392	1251	398	738
YGL123W	29706	25794	31181	60125
YGL099W	1075	941	825	1388
YGR102C	693	558	163	315
YGL233W	3344	3271	1934	2218
YGL072C	1	1	0	0
YGL056C	1440	1066	714	1202
YGR104C	690	591	303	430
YGR240C	72195	58979	78978	72553
YGR243W	496	436	144	253
YGR275W	211	203	217	293
YGL088W	1	0	0	0
YGR020C	4517	3956	3349	4192
YGR100W	2046	1804	1068	1482
YGR231C	4064	3509	1249	2231
YGR215W	399	301	239	367
YGR018C	44	35	26	47
YGL152C	1	0	0	0
YGL212W	154	91	60	90
YGL066W	362	360	210	301
YGL060W	1568	1541	790	1174
YGL185C	853	719	434	554
YGR145W	635	627	1207	1866
YGL011C	4224	3707	2009	2646
YGR147C	2711	2258	1586	1886
YGR036C	638	654	387	820
YGL122C	2987	2411	1062	952
YGL261C	11	10	4	1
YGL041C	0	0	0	0
YGR099W	2201	1896	1119	1192
YGR046W	1582	1431	455	744
YGL188C-A	46	37	26	94
YGR216C	2679	2582	1146	1965
tG(UCC)G	3	2	0	1
YGR047C	1261	1099	916	1359
YGR238C	1205	853	210	436
YGR282C	54190	45288	22440	33148
YGL132W	23	19	8	10
tA(AGC)G	0	0	0	1
YGR169C	690	669	541	643
YGR063C	214	202	94	230
YGR256W	1901	1686	79	257
YGL036W	2417	1955	352	717
YGR192C	730244	597287	1217379	899068
YGL191W	5664	4943	1777	2573
YGR051C	90	75	17	32
YGR013W	969	772	684	687
YGR123C	1350	1149	1603	2332
YGL209W	873	799	436	665
YGL163C	674	445	184	442
YGR296C-A	0	0	0	0
YGL178W	1951	1696	291	713
YGL092W	5089	4287	3283	5409
YGR132C	7513	6637	3954	4168
YGL208W	954	746	291	539
tL(GAG)G	7	2	8	18
YGR059W	66	29	28	28
YGR114C	1	0	1	1
YGR128C	1990	1993	2366	3342
YGL246C	835	729	714	990
YGL190C	2380	2017	514	1018
YGR033C	2058	1893	1385	1860
YGL112C	2124	1917	1426	2149
YGL001C	3810	3573	3369	4320
YGR168C	723	670	340	489
YGL093W	1280	1130	573	783
YGR120C	508	406	331	437
YGR027C	17871	15508	12903	28864
YGL259W	546	440	105	175
YGR294W	7	8	5	6
YGR124W	19461	16975	18065	19683
YGL103W	137	124	236	281
YGL062W	5882	4510	2753	3888
YGR049W	428	406	300	414
snR39	401	359	157	361
YGR076C	845	703	411	542
YGL161C	4416	4123	1416	2918
YGR062C	1081	855	1010	1106
tV(AAC)G1	12	5	8	15
YGL237C	477	410	194	236
YGR024C	1699	1522	860	1399
YGR184C	10371	7728	4082	5941
YGR292W	562	420	157	213
YGR151C	3	4	0	0
YGL034C	44	44	28	29
YGL067W	2955	2447	2102	3044
YGR072W	197	115	108	185
YGL229C	2234	1901	1014	1342
YGR055W	9628	8361	2467	3967
YGL044C	806	692	455	502
YGL054C	4714	4871	2407	3669
YGL119W	1388	1179	987	1235
YGR068W-A	0	0	0	0
YGR206W	509	471	145	478
YGR121W-A	41	29	17	14
YGL130W	1724	1386	929	1408
YGL042C	306	251	160	274
YGR090W	5162	4795	4168	6379
YGR221C	1958	1594	455	721
YGR143W	7702	6291	2451	4411
tR(UCU)G1	7	4	1	5
YGL218W	0	1	0	0
YGL198W	954	851	450	862
YGL083W	574	447	318	578
tC(GCA)G	0	0	0	2
YGR071C	1189	1211	626	935
YGR259C	5	0	2	1
YGR058W	367	305	143	266
YGL195W	25344	20933	25340	36545
YGL192W	0	0	0	0
YGL206C	28208	23876	18558	24885
YGR060W	10191	9577	11577	13549
YGL257C	1989	1770	1185	1813
YGL236C	803	721	584	884
YGR138C	2825	1989	1254	2494
YGR015C	504	353	270	379
YGL023C	232	187	110	244
YGL144C	1051	802	806	980
YGL071W	594	394	161	264
tK(CUU)G3	2	4	2	1
YGR080W	2034	1614	716	1022
YGL116W	667	513	237	421
YGR035C	41	62	59	148
YGL201C	2001	1680	1705	2151
YGR212W	419	401	194	323
YGR154C	492	447	203	280
YGL241W	1492	1259	1161	1345
YGL262W	45	82	6	14
YGR247W	1022	948	781	780
YGR199W	2318	2200	1213	1947
YGL260W	2	5	4	0
YGR179C	371	323	320	319
YGR011W	91	82	26	72
YGL111W	983	951	1413	1672
snR39B	269	274	62	227
YGR073C	4	6	0	4
YGR155W	15286	13458	15355	18607
YGL114W	2812	2512	1799	2575
YGL255W	422	410	271	497
YGR066C	196	247	63	105
YGR233C	1954	1827	1227	1795
YGR092W	1928	1723	706	1064
YGL041W-A	106	93	37	77
YGR171C	1052	855	517	701
tW(CCA)G2	21	16	0	14
YGL171W	542	498	809	1222
YGL029W	54	56	66	123
YGR040W	1709	1617	1145	1257
YGR220C	1479	1212	915	1006
YGR268C	566	504	283	449
YGL147C	14555	13312	38537	32663
tK(CUU)G1	5	0	2	2
YGR144W	96	87	48	68
YGR178C	9024	7590	4622	6149
YGR113W	687	685	352	582
YGL203C	1857	1470	1171	1537
YGL048C	5187	4467	2379	3282
YGR207C	2912	2826	1670	2181
YGR258C	1058	854	486	598
YGL091C	951	775	367	637
YGR093W	1029	922	701	863
YGR119C	1709	1299	899	1395
YGR213C	275	227	75	199
YGR061C	25511	20487	27507	34930
YGL182C	4	2	0	0
YGR139W	50	27	9	28
YGR121C	616	568	154	352
YGL043W	1231	1109	879	1240
YGR280C	54	55	46	69
YGL085W	532	510	299	386
YGL031C	13815	11783	31213	26920
YGR117C	2256	2057	1360	2142
YGR254W	364350	293553	398854	277540
YGR235C	2719	2279	1080	1784
YGL124C	1165	1084	572	831
YGR236C	800	709	14	14
YGL164C	123	99	79	75
YGR293C	6	4	1	12
tL(CAA)G1	3	0	3	4
YGR264C	8959	7783	13106	14944
YGL234W	18880	16758	29102	34895
YGL109W	51	23	7	24
YGL238W	7631	6815	3001	5533
YGL041C-B	9	18	0	7
YGR056W	655	543	250	593
YGR201C	3323	3139	452	897
YGR239C	485	450	443	563
YGR169C-A	15	17	16	27
YGR185C	7833	6320	4269	7254
YGR189C	4608	3435	1950	3477
YGR022C	4	2	0	0
YGR290W	70	54	16	23
YGL205W	283	252	139	240
tK(CUU)G2	0	0	0	0
YGL221C	1902	1783	1172	1995
YGL108C	82	72	45	73
YGL069C	1	3	0	0
YGL135W	31388	27172	53041	54929
YGR253C	3809	3466	3093	2989
YGL053W	1822	1655	366	683
YGL101W	1132	1037	794	1288
YGR271C-A	222	198	141	344
YGR267C	2758	2500	1329	2299
YGR234W	1861	1598	5617	7383
YGL251C	770	650	350	452
YGL141W	2087	1960	727	1170
YGL245W	20391	16750	16708	21428
YGL007W	140	80	40	68
YGL005C	859	788	330	516
YGL215W	3635	2738	903	1448
YGR173W	1201	1060	1191	1462
YGL249W	43	31	3	9
YGR161W-C	597	466	207	366
YGR229C	2265	2212	2229	2434
YGR070W	3031	2609	400	895
YGR135W	6354	5996	3806	4765
YGL014C-A	0	0	0	0
YGR225W	107	82	46	42
YGL258W	97	75	86	90
tT(UGU)G1	2	5	1	2
YGL139W	3982	3458	2537	3974
YGL172W	1947	1688	1218	1458
YGR088W	4034	4232	783	1021
YGL126W	2533	2364	2061	2416
YGR140W	900	732	547	815
YGR129W	146	101	197	151
YGL027C	3460	2838	4036	4831
tL(CAA)G2	3	2	3	6
YGL231C	1857	1741	539	1431
YGL019W	2287	2090	1537	1630
tR(UCU)G3	121	168	0	16
YGR017W	857	788	737	1049
YGR107W	41	45	29	50
YGL039W	2123	1813	3770	2639
tL(CAA)G3	2	0	2	3
YGL123C-A	0	0	0	0
YGL002W	2442	2343	1463	1817
YGR044C	4363	3937	1854	3065
YGR193C	1871	1545	849	991
YGL033W	103	132	42	44
YGR165W	2651	2237	1941	1964
YGL030W	16616	13152	12842	28542
YGL128C	150	93	20	66
YGL063C-A	0	0	0	0
YGL007C-A	39	40	4	19
YGL175C	407	355	210	257
YGL223C	1192	983	567	808
YGR190C	291	278	46	238
YGL004C	683	564	356	506
YGL148W	6013	5184	8639	8600
YGR281W	9081	8072	5328	6973
tH(GUG)G2	143	79	153	227
tF(GAA)G	9	10	0	1
YGR078C	901	872	695	1022
YGL133W	1484	1179	764	1163
tV(AAC)G2	7	9	4	14
YGR295C	13934	12430	4725	5846
YGR048W	1676	1651	770	1001
YGR065C	2301	2123	945	1332
YGL051W	336	235	148	258
YGL220W	1285	1223	998	1244
YGR019W	7685	7107	2814	3219
YGL010W	1959	1843	257	564
YGL090W	285	259	174	241
YGR054W	3845	3085	2208	3088
YGR174W-A	86	165	2	12
YGL032C	9928	9932	1802	3700
tE(UUC)G2	2	1	0	2
YGL179C	1093	935	529	665
tE(UUC)G3	0	0	0	4
YGR002C	437	389	243	300
YGL134W	1204	1024	546	821
YGL235W	7	3	3	9
YGL006W	8798	7087	2323	3411
YGR028W	1744	1656	705	995
YGR283C	693	688	482	807
YGR249W	532	475	130	288
snR82	67362	55692	25375	46332
snR7-L	8	12	0	2
YGL232W	1053	886	866	1221
YGL157W	600	509	533	820
YGL118C	8	8	2	10
YGR012W	1053	1030	464	817
YGR242W	53	44	6	22
YGR014W	6428	4340	3566	6547
YGR038C-A	0	0	0	0
YGR161C-C	0	0	0	0
YGR027W-A	0	0	0	0
YGR109W-A	0	0	0	0
YGR027W-B	697	381	223	1271
YGR038C-B	155	92	17	166
YGR161C-D	331	207	48	281
YGR161W-A	0	0	0	0
YGR109W-B	194	124	24	87
YGR161W-B	121	79	14	128
YLL050C	17600	14701	11058	15219
YLL032C	894	768	452	714
YLR466W	61	57	51	53
YLR054C	292	240	69	144
YLR437C	465	407	346	399
YLR217W	16	8	0	1
YLL056C	272	229	219	214
YLR128W	364	317	120	218
YLR279W	27	18	4	16
YLR075W	17593	14996	52697	25517
YLR052W	779	720	504	665
YLR159C-A	0	0	0	0
YLR025W	426	321	143	278
YLR049C	1871	1770	820	1135
YLR308W	8	8	0	4
YLR032W	628	569	392	609
ETS2-2	38	47	24	64
YLR251W	2016	1891	548	994
YLR321C	614	608	562	661
YLR327C	4520	3733	535	737
YLR154C-H	0	0	0	0
YLR247C	2829	2372	1130	1761
YLR167W	52375	46881	138704	92361
YLR220W	2354	1781	887	1911
YLR455W	1469	1306	589	739
YLR282C	14	8	5	6
YLR094C	740	645	257	412
YLR272C	1952	1502	1190	1498
YLR264C-A	2282	2524	6073	3831
YLR338W	0	0	0	0
YLR181C	597	482	360	544
YLR458W	7	1	3	5
YLR180W	4840	4618	10624	10952
YLR250W	3447	3182	1687	2441
YLR222C-A	15	10	3	19
YLR424W	729	654	354	531
YLR253W	1687	1440	1051	1211
YLR390W-A	2164	1609	656	1250
YLR233C	752	724	436	602
YLR347W-A	0	0	0	0
YLR117C	591	463	397	548
YLR110C	11495	7665	6283	14633
YLR072W	1004	861	437	692
YLR069C	4330	3745	2854	3077
YLR403W	2441	1658	827	1431
YLR008C	1127	1030	709	1583
YLR231C	4149	3298	3446	5181
YLR264W	3268	2673	4260	6565
YLR164W	789	740	208	246
YLR079W	1277	1164	910	902
YLR103C	728	655	445	543
YLR170C	0	0	0	0
YLR228C	1762	1418	864	1255
YLL036C	1058	804	505	870
YLR467C-A	0	0	0	0
YLR198C	53	53	26	62
snR61	53	93	12	42
YLR411W	201	161	85	168
YLR056W	14902	13335	16623	19107
YLR429W	4352	3737	3731	4093
YLL060C	400	392	333	383
YLR310C	7257	6023	2984	4964
YLR342W	64599	54123	68646	109808
YLR017W	3064	2927	2616	4047
tL(UAG)L2	0	0	0	0
YLR304C	51957	45093	21938	30702
YLL052C	250	199	38	86
YLR027C	10801	8847	6625	11047
YLR214W	2965	3281	650	1411
ITS2-2	7	3	3	15
YLL062C	442	494	205	172
YLR378C	4624	3247	2059	3811
YLR023C	5057	4197	1926	2687
YLR425W	1654	1317	926	1088
YLR073C	890	960	783	1501
YLL008W	1001	1039	1802	2304
YLL063C	558	469	324	419
YLR449W	483	333	429	622
YLL046C	2	2	1	2
YLR089C	2285	1748	2547	3882
RDN18-1	0	0	0	0
YLR020C	1509	1294	1179	1406
YLR190W	3494	2950	1497	1771
YLR045C	1531	1294	1134	1437
YLR285W	728	593	634	987
YLR322W	2	1	1	0
YLR276C	1354	1310	1842	2047
YLR346C	153	142	96	117
YLR156W	0	0	0	0
YLR135W	571	454	331	470
YLR261C	6	8	0	2
YLL066C	33	31	23	13
YLR077W	1219	1107	993	954
YLR144C	2909	2515	1192	1959
YLR414C	6181	5500	1045	2119
YLR030W	130	138	105	201
YLR301W	6294	5412	9477	6914
YLR252W	791	692	192	330
YLR427W	1390	1194	1114	1377
YLR200W	230	208	175	371
YLR150W	21058	17269	49703	25060
YLL021W	1212	1038	1129	1523
YLR078C	749	878	383	704
YLR153C	19944	17366	18476	20350
YLR404W	651	700	358	679
YLR014C	762	748	778	1019
YLL005C	1251	1150	411	812
tQ(UUG)L	0	0	0	2
YLR262C	361	329	242	264
YLR296W	19	5	5	2
YLR234W	303	276	298	202
YLR096W	2749	2425	1977	2440
YLR271W	345	207	180	217
YLR033W	1232	1184	671	1063
YLR278C	1961	1513	1106	1862
YLL055W	2019	1785	657	894
YLR266C	2314	2132	1142	1563
YLL030C	18	2	0	0
YLR323C	294	211	224	311
YLR007W	899	830	602	817
YLR406C-A	12	4	1	2
YLL015W	6102	5009	2915	4200
YLR343W	1017	1050	1010	1421
YLR269C	76	58	14	44
tN(GUU)L	1	0	0	0
YLR210W	539	458	394	459
YLR058C	18012	15488	20610	30186
YLR145W	252	109	111	142
YLR080W	278	247	81	124
YLR443W	1562	1544	756	1131
YLR325C	10603	10815	24177	18107
YLL006W	1490	1488	769	946
YLR074C	553	514	1006	940
RDN5-5	0	0	0	0
YLR311C	59	82	7	11
YLR191W	713	702	429	596
YLR235C	0	0	0	0
YLR364C-A	0	0	0	0
ITS2-1	7	2	3	17
YLR288C	312	253	194	320
YLL001W	3217	2592	977	1926
YLR409C	2903	2636	3870	5040
YLR099C	1831	1533	1232	1576
YLR131C	457	246	142	242
YLR362W	944	763	362	540
YLR256W	6093	4685	4767	6330
YLR068W	14	14	38	32
YLR101C	4	10	1	2
YLR341W	238	228	108	162
YLL054C	1588	1450	804	1188
YLR186W	1355	1366	1172	2165
YLR143W	770	724	572	924
YLR368W	1444	1297	744	961
YLR393W	444	276	129	235
YLR176C	219	145	39	71
YLR126C	333	235	300	356
YLR099W-A	481	351	391	485
YLR423C	473	500	123	222
YLR357W	1472	1235	846	1250
YLR197W	5526	5068	7801	10038
ETS1-1	400	225	592	663
YLR187W	583	444	218	520
RDN5-2	0	0	0	0
YLL034C	651	566	1174	1484
YLL023C	1134	759	251	664
YLR065C	495	452	266	552
YLL031C	6997	6300	3517	5934
YLR419W	1544	1290	1338	1938
YLR149C-A	114	127	16	39
YLR294C	861	1050	54	262
YLR405W	834	694	547	879
YLR157C-C	0	0	0	0
YLR463C	0	0	0	0
YLR026C	573	418	322	313
YLR267W	575	488	196	252
YLR093C	2943	2763	1078	1767
YLR085C	1109	991	690	883
YLR246W	1221	1010	385	787
YLR433C	2868	2354	1244	1680
YLR227C	688	665	306	588
YLR012C	3	3	0	2
YLR111W	62	26	7	23
YLR152C	2870	2639	1001	1757
YLR370C	1965	1531	439	996
YLL026W	64035	54454	9664	12161
YLR289W	669	530	254	343
YLL066W-B	0	0	4	0
YLR114C	1067	821	652	1118
YLR213C	245	236	111	171
YLR146C	746	725	635	975
YLR445W	69	41	37	68
RDN18-2	0	0	0	0
YLR169W	83	73	26	63
YLR202C	336	281	33	157
YLL053C	228	192	106	109
YLR333C	5448	4929	6959	9805
YLR082C	747	750	412	597
YLR193C	210	154	63	142
YLL043W	3275	2552	1737	2255
YLR337C	139	89	34	93
YLL066W-A	0	0	0	0
YLR039C	1545	1206	735	1065
YLR457C	104	109	44	88
YLR377C	467	410	111	202
YLR104W	777	717	350	740
YLR319C	943	832	634	927
YLR184W	15	8	1	3
YLR317W	0	0	0	0
YLL003W	866	773	662	923
YLR004C	251	221	135	207
YLR407W	927	883	848	1028
YLR336C	944	800	954	1322
YLR430W	6478	5145	3288	4789
YLR436C	2646	1923	851	1908
YLR347C	9476	7947	6560	8525
YLR324W	1650	1372	921	1056
tV(AAC)L	4	8	1	4
YLR460C	276	218	149	222
YLR113W	7477	6680	3959	5788
YLR046C	1029	987	371	645
YLR125W	188	124	156	119
YLR196W	1319	1175	1712	3039
YLR363W-A	261	260	489	459
YLL061W	2523	2438	790	1114
YLR119W	374	297	90	187
snR57	475	585	258	365
YLL020C	38	37	3	19
YLR163C	1411	1234	966	1333
YLL014W	2054	1720	1517	2083
YLR129W	2029	1638	2673	3454
tD(GUC)L2	2	0	0	2
YLR173W	961	767	549	713
YLR090W	1237	1142	947	1362
YLR286W-A	0	0	0	0
snR55	101	171	20	46
YLR259C	16839	12815	7310	9665
YLR219W	1509	1307	617	715
YLR401C	836	696	1327	1370
YLL058W	2174	1842	911	1251
YLR177W	6181	5214	2160	3453
YLR415C	43	42	1	15
YLR467W	68	56	33	18
YLR302C	0	0	0	0
YLR185W	8273	7236	12010	15228
YLR060W	10570	9028	10548	12010
YLR313C	465	414	315	432
YLR303W	0	1	0	1
YLR154W-B	0	0	0	0
YLL029W	3342	2810	1263	1563
YLL047W	0	1	0	3
YLR285C-A	228	268	26	238
YLR001C	3718	3334	1214	2026
snR79	70	111	13	37
YLR465C	0	0	0	0
YLR015W	573	545	456	717
YLR432W	18822	15739	31292	36808
YLR081W	255	145	112	154
YLR166C	3055	3077	1274	1869
YLR383W	633	467	506	768
YLR035C	770	672	467	662
YLR044C	445487	337846	451320	437485
YLR293C	11214	9317	9274	13626
YLR399W-A	0	0	0	0
YLR192C	2324	2169	2570	2368
YLR300W	22481	19061	27465	30789
YLR098C	1012	936	369	722
YLR448W	8709	7410	22757	15230
YLR381W	1463	1257	442	747
YLR280C	0	0	0	0
snR44	2341	1999	735	2090
YLR367W	6401	5345	3115	6589
YLR309C	824	545	427	692
YLR299W	1662	1332	455	591
YLR224W	1941	1586	998	1521
YLR029C	45172	39833	76647	65383
YLR373C	1132	866	309	838
YLR092W	1460	1308	394	786
YLL018C-A	469	329	419	290
RDN25-2	0	0	0	0
YLR066W	1472	1388	666	1220
RDN58-1	0	0	0	0
YLR146W-A	278	278	68	231
YLR175W	3319	2837	6597	7124
YLR402W	61	46	9	28
YLR158C	0	0	0	0
YLL051C	4194	3670	1255	2939
YLR314C	2517	2242	1301	1861
YLR438C-A	96	71	58	70
YLR209C	1851	1669	968	1356
YLR019W	2550	2112	1101	1842
YLR123C	31	27	10	14
YLR353W	2155	1931	862	1265
YLR361C	1225	1055	915	1075
YLL033W	225	165	184	194
YLR389C	7189	5753	2972	4515
YLR438W	6384	5282	1831	1825
YLR290C	1614	1360	479	861
YLR270W	5902	5339	1557	1974
YLR194C	1293	1064	809	814
YLR006C	2078	1830	1029	1312
YLR223C	1479	1283	924	1253
YLR195C	2381	2168	1655	2459
YLL016W	3139	2782	857	1173
YLL067W-A	0	0	0	0
YLR398C	2778	2206	1781	2651
YLR418C	739	621	453	672
YLR010C	285	250	117	174
YLR307W	61	52	12	19
YLR356W	1079	1036	158	282
YLR431C	252	207	140	163
YLR109W	10772	9722	2429	5919
tI(UAU)L	6	8	2	8
YLR364W	238	305	134	278
YLR106C	7653	5635	10613	18999
YLR083C	7533	6365	6962	9692
YLR274W	2421	1955	1105	1491
YLR413W	4718	4354	8892	13953
YLR412C-A	13	5	6	9
YLR340W	31308	26625	45380	37977
YLR055C	401	270	204	277
YLR254C	602	512	371	343
YLL017W	266	187	69	152
YLR121C	3878	3416	1290	2162
tA(AGC)L	0	2	0	0
YLL042C	122	110	47	98
YLR157W-D	0	0	0	0
YLR211C	246	218	70	132
YLR400W	62	61	68	105
YLR105C	647	604	430	627
YLR142W	1038	1045	87	152
YLR376C	138	109	74	106
YLR318W	435	442	223	296
YLR239C	801	742	333	457
YLR262C-A	450	377	236	601
tE(UUC)L	1	0	1	5
YLL037W	2	2	0	1
YLR452C	8880	9639	3837	5948
YLR372W	9842	8740	9679	13210
YLR154W-C	0	0	0	0
ETS2-1	2	1	1	2
YLR363C	609	556	439	493
YLR207W	2353	1982	1190	1957
YLR312W-A	1473	1276	789	970
YLR188W	1941	1511	1216	1660
YLR011W	301	251	143	294
YLR159W	0	0	0	0
YLR328W	1283	1019	815	1404
YLR171W	7	11	1	1
YLR241W	9140	8093	3899	5569
YLR245C	433	404	169	365
YLR360W	1723	1485	619	1137
snR30	441120	384174	416359	330447
YLR205C	239	177	97	108
RDN25-1	0	0	0	0
YLR161W	0	0	0	0
YLR287C	786	649	916	1139
YLR366W	6	3	5	10
YLR410W	3489	2916	1795	2789
YLR230W	407	602	50	258
YLR097C	1241	1112	615	679
YLR397C	1661	1467	1324	2332
YLR120C	15140	13403	5568	7515
YLR335W	2223	1845	1498	1760
YLR399C	1999	1603	1499	1793
YLL044W	0	1	2	0
YLR453C	292	332	197	266
YLL057C	299	203	205	217
YLR388W	3794	3313	3931	5891
YLR249W	285524	239730	510119	429261
YLR151C	368	264	150	158
YLR260W	1429	1338	782	948
YLL010C	399	258	160	212
YLR133W	1578	1360	857	973
YLR329W	98	51	85	102
snR6	15	18	2	19
YLL011W	1002	832	1194	1394
YLR384C	7690	6855	8713	10021
YLR203C	6582	5399	2747	3466
YLR156C-A	0	0	0	0
YLR394W	309	253	58	197
YLR021W	679	526	360	551
YLR331C	2	2	2	1
YLR450W	10755	9860	8144	10548
YLR140W	21	33	7	2
YLR157W-E	4	2	0	0
YLR390W	392	312	148	233
YLR291C	3634	3017	2481	3887
RDN5-4	0	0	0	0
YLR408C	157	143	44	56
YLR240W	2126	1846	731	1141
YLR018C	1500	1111	793	1196
YLR344W	5961	4941	6260	9035
YLR412W	718	702	544	827
YLR447C	18015	15867	20168	22885
YLR361C-A	163	112	35	114
YLR112W	399	360	131	292
YLR435W	475	448	495	719
YLR084C	4270	3798	1982	4005
snR34	12733	11798	4786	13371
YLR091W	577	490	452	724
YLR275W	313	224	150	228
YLR102C	351	330	121	254
YLR263W	211	149	79	118
YLR379W	200	165	64	167
tL(UAG)L1	38	29	36	47
YLR459W	2008	1873	889	1835
YLR316C	271	202	242	284
YLR277C	1498	1247	933	1440
tP(UGG)L	2	2	1	11
YLR229C	2824	2609	2663	2862
YLR120W-A	24	29	2	17
YLR048W	38381	32339	86243	74728
YLL059C	122	106	42	96
YLR238W	648	617	236	465
YLR283W	957	854	292	515
YLR298C	352	355	222	292
YLR232W	11	12	2	10
YLR086W	1703	1439	1296	1736
YLR053C	129	108	30	76
YLL041C	12601	11054	2994	3323
YLR330W	2067	1711	1347	1661
YLR244C	7421	6645	5627	7971
YLR299C-A	0	0	0	0
YLL019W-A	0	0	0	0
YLR258W	46844	39248	16882	19045
YLR174W	494	422	116	232
YLR444C	0	0	0	0
YLR315W	167	147	231	160
YLR374C	14	15	2	7
YLR154W-F	0	0	0	0
tR(ACG)L	21	17	0	5
YLR172C	2289	1886	1732	2320
YLR273C	1241	1077	278	409
tK(UUU)L	7	6	1	8
YLL012W	721	596	654	887
YLR022C	911	861	1109	1420
YLR382C	1179	900	478	677
YLR041W	3	5	1	4
YLR466C-A	0	0	0	0
YLR268W	1046	910	1157	986
YLR420W	5668	5102	3289	5970
ITS1-1	6	2	2	8
YLR137W	469	359	196	242
YLR087C	4531	3525	2737	4804
YLL049W	984	968	637	806
tL(CAA)L	24	14	10	29
RDN37-1	0	0	0	0
YLR426W	613	490	405	662
YLL035W	941	848	802	1399
YLL009C	709	565	426	608
YLR036C	451	392	124	337
YLR118C	2628	2448	854	1918
ETS1-2	349	199	665	594
YLR406C	3248	2876	6551	6920
ITS1-2	9	2	3	8
YLR136C	294	315	179	268
YLR385C	154	148	146	195
YLR281C	37	13	5	17
YLR138W	3081	2435	2311	2941
YLL019C	3233	2556	962	1239
YLR284C	320	282	115	195
YLR295C	2563	2384	908	1002
YLR307C-A	2	10	0	7
YLR349W	10	20	2	6
YLR248W	6129	5528	2837	3611
YLL006W-A	5	4	1	3
YLR127C	1217	1056	575	848
YLR002C	1307	1209	2078	2183
YLR168C	910	930	219	339
YLR342W-A	248	355	128	385
YLR031W	100	85	68	79
RDN5-3	0	0	0	0
YLR189C	4196	3446	2435	2935
YLR358C	30	30	15	27
YLR134W	1720	1507	709	862
YLR051C	257	210	293	442
YLR466C-B	19	32	0	2
YLR215C	688	701	621	739
YLR206W	2751	2106	1437	1449
tI(AAU)L2	0	0	0	1
YLR201C	3575	3001	1772	1632
YLL018C	7628	5581	7585	6773
YLL025W	144	130	65	85
YLR392C	457	392	167	302
YLR063W	255	214	269	478
tA(UGC)L	0	0	0	2
YLR124W	85	92	74	96
YLR350W	3430	3144	888	1824
YLR312C	1287	1046	111	219
YLR204W	447	315	184	362
YLL007C	1217	1169	592	818
YLR141W	419	368	412	420
tD(GUC)L1	3	5	0	3
YLL038C	244	164	235	277
YLR257W	10622	10127	5767	5607
YLR108C	465	335	180	231
YLR163W-A	0	0	0	0
YLR416C	11	10	3	4
YLR375W	4938	4453	3209	3751
YLR287C-A	11294	10381	10005	14925
YLR154W-E	0	0	0	0
YLR155C	0	0	0	0
tS(AGA)L	0	1	4	0
YLR003C	633	687	674	1059
YLR221C	440	450	1127	882
YLR355C	28498	24210	41395	36731
YLR464W	2	2	0	1
YLR446W	742	539	283	486
YLR237W	2938	2910	1575	2589
YLR441C	27589	24314	57945	45037
YLR178C	13156	11899	1949	2789
YLR028C	8521	7358	4501	5718
YLR043C	8416	7137	6116	8892
YLR218C	232	168	133	174
YLR243W	770	781	657	825
YLR148W	1471	1430	987	1120
YLR162W-A	2	2	39	0
YLR462W	2	0	8	21
RDN37-2	0	0	0	0
YLR095C	928	849	626	720
YLR199C	734	630	218	415
YLR154W-A	0	0	0	0
YLR154C	446	390	265	479
YLL064C	1	0	0	0
YLR461W	29	14	6	26
tL(UAA)L	4	1	0	7
YLR265C	806	863	505	759
YLR428C	2	1	0	0
YLR242C	745	859	266	681
YLR351C	3618	3439	2281	3544
YLR306W	510	399	226	432
YLR130C	3854	3383	3772	5014
YLL028W	2227	1957	725	1390
YLR183C	1259	1127	1220	1453
tR(CCG)L	26	14	3	19
YLR042C	243	256	126	300
YLR396C	1682	1476	803	1076
YLR122C	52	39	37	35
YLR326W	676	597	364	327
YLR024C	2013	1767	1115	1642
YLR442C	658	562	420	563
YLR380W	519	437	484	674
YLR061W	37	38	23	17
YLR386W	2222	2037	1063	1826
YLR387C	1904	1775	1028	1163
YLR422W	5269	4142	2152	3340
YLR354C	46884	40226	35007	40916
YLR434C	36	39	7	16
YLL039C	8967	7117	989	1816
YLR149C	3803	3247	448	719
YLR208W	6588	6055	4084	6720
RDN5-6	2	0	0	1
YLR115W	1724	1424	799	1353
YLR005W	1398	1285	809	1057
YLR147C	307	248	166	199
YLR076C	19	11	2	15
YLR162W	23	11	2	23
YLR451W	1343	1025	785	1031
YLR212C	1105	878	728	1075
YLR454W	10928	9534	5096	6978
YLR437C-A	2	2	0	3
YLR064W	2589	2541	427	1074
YLR132C	343	349	171	275
YLR182W	1256	1111	799	1011
YLR038C	3226	3165	771	1168
YLR107W	1202	1106	932	886
YLR139C	60	20	18	71
YLR305C	11998	10138	6295	9874
YLR339C	4	6	0	4
YLR062C	18	19	10	24
YLR334C	1	7	8	23
YLL002W	532	458	400	441
YLR070C	392	325	120	175
YLR157C	0	0	0	0
YLR226W	586	476	362	483
YLL048C	19129	16715	14423	18650
YLL024C	60455	48782	71557	53479
YLR009W	976	886	1898	1532
YLR057W	1602	1391	713	1233
YLR348C	310	266	269	458
YLR439W	240	199	75	180
YLR236C	46	30	8	27
YLR345W	3604	2983	926	1361
YLR050C	1162	1032	1183	1369
YLR332W	977	718	216	500
YLR369W	905	740	295	504
YLL065W	0	0	0	0
tX(XXX)L	7	7	2	11
RDN5-1	47	33	6	33
YLR417W	1533	1268	516	781
YLR179C	3442	2851	3306	4196
YLR013W	6	2	0	4
YLR116W	254	172	68	147
YLR371W	7081	5756	2880	4293
YLR222C	3357	3088	4152	3973
YLR365W	10	17	14	17
YLR440C	933	820	748	1005
YLR059C	1396	1259	1218	1906
YLR165C	151	155	59	121
YLR421C	1748	1629	1301	1591
YLL027W	1576	1384	1062	1182
YLR292C	1576	1415	1469	1629
YLR034C	8354	7715	2718	3768
YLR016C	597	577	528	625
YLR255C	33	29	12	23
YLR297W	2202	1895	358	796
YLR225C	1377	1164	586	727
YLR047C	2204	2095	883	1367
YLL022C	301	330	346	445
tI(AAU)L1	1	0	0	0
YLR395C	5025	4338	1537	2462
YLL067C	14	19	16	3
YLR359W	22813	20454	32084	38632
YLR456W	294	273	100	147
YLR067C	1619	1512	665	1146
RDN58-2	0	0	0	0
YLR040C	49	39	21	61
YLL013C	1494	985	673	1395
YLR320W	1596	1470	830	1149
YLL045C	9443	8203	13497	15839
YLR352W	1514	1347	548	743
YLR160C	0	0	0	0
YLR071C	3359	2834	1992	2460
YLR286C	11880	9227	10032	19303
YLR037C	230	204	74	65
YLL004W	852	755	482	705
YLR100W	2111	1995	2046	2731
YLR088W	4359	3995	2892	3629
YLR216C	12671	12600	2729	3986
YLL040C	8637	6626	5028	7179
YLR154C-G	0	0	0	0
YLR410W-B	245	169	48	182
YLR410W-A	0	0	0	0
YLR157C-A	0	0	0	0
YLR256W-A	365	221	254	608
YLR035C-A	118	65	39	105
YLR227W-A	0	0	0	0
YLR157C-B	180	110	25	235
YLR227W-B	1687	777	399	1233
YPL071C	590	423	232	320
YPL208W	2106	1774	1238	1778
YPL102C	6	7	0	3
YPL217C	1398	1151	1581	2542
YPL197C	8	8	1	13
YPR139C	3063	2632	1674	2604
YPR169W	1516	1260	1442	1757
YPL257W	484	375	220	332
snR41	1707	1525	442	1151
YPL009C	1642	1010	848	1254
YPL183C	2949	2512	3603	4524
YPR065W	205	162	28	94
YPR099C	0	0	0	4
YPR032W	1958	1703	1073	1233
tM(CAU)P	6	10	5	2
YPR194C	3632	3550	1368	1889
YPL084W	2222	1799	742	1181
YPR101W	678	568	285	488
YPL179W	5778	4814	1862	3048
YPL224C	3413	2704	1250	1875
tG(GCC)P2	0	2	1	3
snR17b	46705	39053	23277	24606
YPR204W	156	164	84	141
YPR103W	2591	2174	1253	1929
YPR155C	2149	1794	662	1066
YPL250W-A	0	0	1	0
YPL244C	2076	1687	1527	2346
YPR141C	787	681	240	356
YPL275W	59	30	8	30
YPR156C	5718	4262	1437	2926
YPL240C	54161	44283	10319	9440
YPR188C	943	1001	611	761
YPL111W	4048	3545	960	1078
YPR119W	2901	2054	1299	1610
YPL192C	210	232	42	123
YPL059W	2470	1953	1189	1999
YPL218W	12017	10098	10488	12174
tI(AAU)P1	1	2	0	0
YPL264C	986	692	239	375
YPL198W	750	635	1165	1505
YPL006W	9721	7821	4435	6574
YPR161C	1560	1337	811	1162
YPL145C	11850	9521	7563	9590
YPL092W	2204	2099	2216	3790
YPR181C	6899	4286	2971	6758
YPR171W	716	647	398	581
YPR122W	6738	5649	2031	3253
YPL091W	4202	3628	4045	5123
YPL137C	5478	4350	2232	3504
YPL014W	998	689	201	406
YPL164C	765	595	211	319
YPL163C	480	325	218	649
YPR069C	5111	3819	3539	6130
YPL038W-A	24	29	2	18
YPR072W	2424	1930	1445	1684
YPR067W	1169	980	461	754
YPL175W	912	815	704	798
YPL088W	730	571	226	341
YPL125W	4617	4229	2171	3044
YPL090C	14419	12287	56594	27342
YPR120C	451	378	241	304
YPR198W	1237	964	543	1016
YPR053C	103	95	47	85
YPR106W	1460	1149	560	1302
YPL250C	1066	953	455	640
YPL051W	410	327	246	295
YPR013C	564	434	118	203
YPL121C	2	10	4	3
YPR068C	383	317	217	314
YPR160W-A	0	0	0	0
YPR202W	32	55	16	58
YPL270W	5585	3860	2056	2768
YPL248C	1205	903	668	780
YPR058W	257	205	211	294
YPL004C	19225	16051	5166	7728
YPR110C	4138	3840	3543	6559
YPL042C	1394	1210	706	920
YPR149W	27516	25697	10400	9101
YPL172C	2123	1719	719	1516
YPR009W	765	527	282	575
YPL039W	735	585	303	636
YPR051W	55	72	45	72
YPR134W	755	621	568	567
YPR118W	2924	2244	3707	3409
YPR019W	5163	4030	2560	3309
YPL213W	411	383	255	262
YPR121W	1656	1320	841	1084
YPL054W	179	133	29	37
YPL123C	2781	2483	517	697
YPL144W	652	548	310	800
YPR036W-A	1488	1057	660	1222
YPL140C	1243	901	328	610
snR70	4108	3333	2512	4163
YPL202C	447	351	167	339
YPL114W	1	1	0	1
tI(AAU)P2	1	0	0	0
YPL045W	1609	1247	837	1310
YPL267W	256	163	114	167
YPL133C	931	755	584	659
tA(AGC)P	11	11	10	22
YPL263C	1770	1319	1410	1782
YPL097W	1702	1311	731	929
YPR130C	29	17	0	5
YPR177C	0	0	0	0
YPR124W	1829	1507	558	880
YPR157W	1476	1130	340	581
YPR004C	6520	5158	2563	5527
YPR080W	109602	84851	135209	131343
YPL162C	982	829	595	805
YPL200W	44	29	2	12
YPR057W	497	370	365	501
YPR100W	127	100	24	85
YPR033C	8286	6445	6591	8609
YPR174C	325	275	408	367
YPR151C	42	25	0	8
YPR180W	1266	921	628	709
YPL210C	3116	2603	1780	2834
tC(GCA)P1	2	3	0	5
YPL155C	1209	1126	613	852
YPL225W	5075	4304	2947	3106
YPL081W	3180	2861	4582	4231
YPL266W	1298	1077	1655	1906
YPR002W	128	122	75	115
YPL127C	2155	1745	1988	1826
YPR108W	5399	4509	2753	3241
YPR172W	2360	1906	776	1484
tF(GAA)P2	9	0	1	4
YPR200C	181	121	73	161
YPL058C	75838	56413	24876	41729
YPL073C	5	4	2	5
YPR197C	1	0	0	0
YPR088C	1954	1558	1776	2136
YPL254W	1239	1101	500	960
YPR010C-A	1524	1416	148	591
YPL223C	643	496	119	167
YPR056W	729	602	388	647
YPR006C	1057	846	410	631
YPR129W	720	667	592	463
YPR199C	1339	1123	760	901
YPL062W	5	5	0	1
YPR113W	17654	14745	14058	15634
YPL166W	444	343	160	189
YPR020W	2830	2401	334	1162
YPL160W	24348	18821	20360	26246
YPL147W	587	477	130	217
YPL107W	360	379	168	266
YPL169C	2569	2077	1249	1903
YPR169W-A	0	0	0	0
YPR170W-A	0	0	0	0
YPR014C	129	125	74	105
YPR049C	1735	1506	651	1114
YPL087W	11859	10375	3661	5003
YPR115W	6341	5351	1628	2373
YPL184C	5248	3333	2350	4135
YPR111W	952	674	588	599
YPR203W	2	4	1	0
YPR189W	3626	2969	1634	2721
YPR034W	950	653	610	881
YPL189W	236	157	159	242
YPL246C	6768	5801	2914	5699
YPL020C	675	465	173	403
YPL255W	304	238	175	252
YPL196W	1657	1334	543	800
YPR135W	1452	1199	860	1236
YPR044C	7	9	6	7
YPL061W	12590	14272	9062	8527
YPL238C	7	1	1	2
YPL052W	404	467	181	305
YPR112C	1005	855	2115	2284
YPL186C	1134	1027	279	276
YPR148C	2825	2161	1730	1721
YPL276W	30	7	13	9
YPL280W	19	10	9	8
YPR143W	173	122	98	269
YPL261C	24	13	0	2
YPL034W	160	146	93	143
YPL116W	4592	3734	1792	2077
YPL131W	59360	45105	84301	81891
YPR017C	463	285	385	446
YPL012W	4453	4154	6529	9021
YPL017C	2215	1935	328	501
YPL010W	5972	4850	3373	4557
YPR173C	2347	1724	1368	1943
YPL233W	395	297	390	391
YPR024W	6999	5581	2920	3995
YPL152W-A	4	2	8	3
YPL187W	77	56	30	21
YPR191W	17151	13953	4169	5528
YPR170C	33	35	4	14
YPR123C	102	75	12	38
YPR142C	0	0	0	0
YPL063W	2672	2061	1374	1483
YPR007C	87	85	45	40
YPR084W	817	634	285	421
YPL149W	1865	1642	979	1439
YPL089C	551	452	125	298
YPR166C	1184	889	455	864
YPR167C	168	228	129	194
YPL231W	76829	63510	121215	110896
YPR025C	1010	650	268	488
YPL098C	2213	1694	999	1576
YPR147C	1660	1283	975	2127
YPL129W	1935	1551	1591	1534
YPR153W	212	164	73	157
YPR164W	3857	3155	2203	3219
YPL026C	2943	2423	743	1318
YPR001W	321	231	183	224
YPL282C	0	0	0	0
YPR178W	362	275	187	285
YPR061C	396	383	121	254
YPL180W	1322	1135	870	1102
YPL142C	600	598	169	819
YPL019C	3159	2700	1686	2198
YPL258C	609	416	249	405
YPL022W	2495	2009	1589	1972
YPL279C	477	359	140	355
YPL044C	1	0	0	0
YPR193C	15	13	0	16
YPL001W	741	629	406	654
YPR083W	715	561	289	420
YPR195C	51	36	13	19
YPL057C	5469	4637	1346	2471
YPL211W	1145	1069	1413	2422
YPL041C	607	414	229	447
YPR003C	3314	2707	836	1287
YPL181W	811	647	588	636
YPR168W	215	186	178	166
YPL185W	67	28	19	52
YPL040C	1885	1331	743	1056
YPL070W	1343	1232	480	726
YPR159W	26353	21830	14548	18866
YPL002C	552	441	327	436
snR51	37	53	5	22
YPL227C	1197	861	886	1371
YPL067C	845	668	382	618
YPL236C	1417	1248	722	944
YPL151C	722	605	341	470
YPL234C	5478	4889	2269	5322
YPL015C	3472	2781	1405	2091
YPR035W	20874	17675	34277	27608
YPR037C	424	326	226	251
YPR184W	22879	18249	2525	4735
YPL135W	1978	1687	434	920
YPL215W	2387	1788	1002	1403
YPL112C	1047	976	420	797
tK(UUU)P	10	8	4	19
YPR146C	353	249	264	307
YPR087W	4	7	10	6
tW(CCA)P	102	106	49	75
YPL154C	77311	67002	31420	34417
YPL136W	11	6	0	5
YPR094W	329	319	132	228
YPR074C	79770	62875	59007	66565
YPL056C	67	53	12	21
YPL189C-A	1263	1043	769	711
YPR082C	1034	869	472	635
YPR133C	1409	1124	1050	1096
YPL047W	401	353	233	512
YPL077C	334	209	236	214
YPR016W-A	175	92	69	179
YPL272C	1091	797	184	371
YPR050C	0	0	0	0
YPR108W-A	0	1	0	1
YPR070W	1248	1099	561	901
YPL176C	3670	2910	2055	2337
YPL220W	19821	15415	24723	30449
YPL065W	532	443	187	332
YPL074W	1274	1040	795	1087
YPL032C	1752	1249	734	1507
YPL167C	1389	1298	524	827
tN(GUU)P	45	42	15	37
YPR185W	1279	1018	487	696
YPR160C-A	0	0	0	0
YPL038W	317	252	210	302
YPR145W	11121	9283	12820	13500
YPL165C	1113	858	228	378
YPL193W	596	497	314	490
YPL003W	1864	1566	655	865
YPL178W	2174	2005	1092	1466
YPL013C	724	565	231	565
YPR012W	109	49	17	20
YPR042C	6775	5389	2402	3757
YPL103C	1040	874	673	1011
YPR028W	21241	18234	5938	12894
YPR039W	1	0	0	0
YPR089W	3260	2731	1658	2135
YPL075W	5053	4247	2073	2687
YPR196W	638	413	287	300
YPR077C	2	1	0	0
YPL024W	516	466	206	349
YPR008W	3107	2438	1249	1825
YPR071W	744	621	255	684
YPL182C	30	23	10	7
tC(GCA)P2	0	0	0	1
YPR062W	460	345	275	429
YPL277C	158	109	80	49
YPR125W	428	353	252	362
YPR131C	977	854	592	838
YPL221W	13037	10851	6095	8717
YPR073C	2284	1998	1276	1746
YPL262W	12653	10229	8431	9747
snR45	3700	2488	2440	6471
YPR036W	20218	15718	16346	14952
YPL031C	2614	1960	1477	1850
YPL237W	3256	2581	2528	3935
YPL053C	2335	2051	1345	1970
YPR109W	1829	1547	952	1540
YPR159C-A	1	4	2	0
YPL122C	877	802	676	759
YPL085W	1500	796	464	1156
YPR104C	1474	1062	916	1173
YPR186C	304	244	266	294
YPR201W	323	282	135	185
YPL138C	837	693	511	543
YPR030W	3064	2111	320	594
YPR190C	1297	1126	1163	1555
YPL043W	459	385	1223	1251
YPL108W	98	94	101	132
YPL105C	1232	944	637	996
YPL168W	780	644	196	312
YPR018W	138	143	101	164
YPR132W	16218	12947	23351	28096
YPL222C-A	0	0	0	0
YPR137W	777	649	928	1078
YPL219W	1220	943	402	489
tS(UGA)P	40	41	4	42
YPL029W	806	686	522	722
YPL113C	432	280	128	309
YPL190C	1037	830	730	677
YPL241C	600	502	331	659
YPL281C	0	0	0	1
YPL023C	3042	2367	1358	2187
YPR043W	2	3	3	15
YPR116W	491	297	219	401
YPL252C	84	61	34	71
YPR047W	1061	823	411	569
YPL119C-A	172	150	2	35
YPL194W	305	198	177	261
YPL157W	462	380	453	552
YPL177C	1886	1747	516	875
YPR165W	17074	14857	9718	12478
YPL037C	11762	9855	9497	14985
YPR093C	329	235	167	162
tG(GCC)P1	37	24	4	15
YPR066W	406	379	285	355
YPL247C	5784	4346	1118	1994
YPL101W	1262	987	1249	1396
YPL064C	600	442	431	506
YPL256C	1852	1400	787	1315
YPL099C	576	464	269	508
YPR023C	2540	1922	1328	1717
YPL093W	4096	3341	8702	8433
YPL134C	600	401	282	514
YPL153C	682	524	504	562
YPL222W	1488	1228	265	385
YPR075C	2240	1783	785	1042
YPL118W	3936	2938	1756	2092
YPL239W	978	806	749	1086
YPR136C	0	6	0	0
YPL033C	16	10	0	3
YPR045C	465	462	950	1023
YPR038W	0	0	0	0
YPR011C	899	654	395	621
YPL100W	1724	1331	513	857
YPL076W	579	597	293	477
YPL027W	85	60	10	20
YPL271W	3861	3230	756	1841
YPL128C	1523	1113	772	1351
YPL139C	659	472	279	457
YPL005W	888	600	319	404
YPL148C	538	417	226	439
YPL080C	239	204	61	255
YPL265W	7835	7009	3309	4981
snR59	19	20	10	17
YPR052C	839	776	613	871
YPR145C-A	31	28	0	31
YPL096W	538	375	209	359
YPR078C	44	64	12	11
YPL104W	1383	1139	688	810
YPR074W-A	10	9	0	1
YPL283W-B	0	0	0	0
YPR162C	769	659	450	682
YPL030W	659	611	450	870
YPL069C	808	724	328	641
YPL188W	1390	1140	391	781
YPL201C	160	95	100	90
YPL207W	2255	1806	2349	3834
YPR021C	2734	2359	815	1298
YPL253C	727	629	365	437
YPR040W	213	159	80	144
YPL143W	27	25	8	35
YPL132W	1247	1075	479	781
YPL171C	656	574	120	104
YPL126W	3111	2826	3438	5582
YPR063C	1481	1128	814	1239
YPR187W	1856	1436	1760	2521
YPL007C	1273	1104	562	855
YPL209C	211	145	68	120
YPR182W	666	512	547	707
YPL242C	5026	3988	2242	2583
YPL205C	168	133	82	74
YPL278C	56	44	22	31
YPR086W	2199	1736	1060	1895
YPR117W	9313	7023	4252	6102
YPL096C-A	697	524	105	561
YPR092W	34	22	1	21
YPL086C	1880	1575	1970	2635
YPR005C	618	474	160	202
YPR046W	274	181	100	167
tK(CUU)P	0	2	2	7
YPL269W	356	239	154	317
YPL135C-A	0	0	0	0
YPR105C	2639	2063	1788	2346
YPL158C	583	360	270	487
tE(UUC)P	0	2	5	1
YPL094C	3322	2530	2312	3380
YPR176C	1842	1484	787	1184
YPL191C	479	480	334	390
YPR204C-A	0	0	0	0
YPR163C	6874	5461	10442	9173
YPL229W	139	112	66	74
YPR160W	92427	75948	25182	28446
YPL049C	1028	766	481	658
YPL066W	1235	903	284	760
YPL183W-A	1284	1068	526	1071
YPL235W	3723	3140	2021	3328
YPL141C	1358	1053	327	587
tF(GAA)P1	22	22	2	24
YPR144C	1114	952	1079	1814
YPL249C-A	145	109	80	256
YPR128C	1650	1290	1173	1697
YPR054W	729	539	323	625
YPL156C	1347	1447	337	538
YPL173W	788	638	430	475
YPR098C	2672	2369	945	1512
YPL260W	4113	3566	1732	1866
YPL251W	0	0	0	1
YPL016W	1704	1251	348	759
YPR095C	2295	1859	972	1289
YPR079W	1170	1043	310	594
YPR010C	16880	13822	28961	32760
YPL046C	329	339	122	272
YPL021W	11	11	0	6
YPL268W	1567	1414	928	1341
YPL283C	37	18	2	5
YPL206C	3275	2672	1262	1751
YPR055W	2526	1961	946	1487
YPR138C	5272	4130	1653	2916
YPL243W	4339	3679	3356	3968
YPR127W	6412	5698	1553	2224
YPL095C	2473	1758	5161	8050
YPR027C	521	467	218	339
YPL232W	2817	2294	1376	1754
YPL124W	275	258	135	173
YPR041W	7095	5710	5358	7107
YPL083C	775	568	493	732
YPL048W	14348	10479	8570	8050
YPL120W	633	571	318	394
YPL117C	4356	3865	3326	3887
YPR126C	22	8	0	13
YPR091C	3988	3353	2454	2839
YPR059C	6	3	4	8
YPL214C	2079	1662	978	1334
YPL203W	4680	3527	1144	1452
YPL273W	4544	3776	3353	6122
YPR081C	1445	1092	892	837
YPL011C	1307	1055	531	830
YPR097W	4022	3374	2771	3545
YPL274W	4370	3657	1349	2084
YPR158W	1683	1636	294	461
YPL050C	4829	4063	1807	3220
YPR114W	2942	2391	1280	2208
YPL110C	1605	1291	839	1032
YPL161C	1143	943	693	850
YPR022C	1696	1450	903	1526
tT(UGU)P	0	0	0	0
YPR175W	1169	959	662	1076
YPL068C	228	210	86	177
YPL055C	275	213	106	185
YPL079W	13104	11360	16691	22639
YPL150W	2688	2263	1574	1755
YPR192W	200	172	41	57
YPL226W	7097	4873	7631	12273
YPL115C	1417	951	433	995
YPL283W-A	0	0	0	0
YPL170W	918	733	385	616
YPL245W	2405	1965	1203	1823
YPR140W	2522	2211	863	1387
YPR048W	979	852	887	1235
YPR102C	13695	11259	20969	21950
YPL036W	1163	888	423	538
YPR015C	194	214	36	67
YPR133W-A	1587	1243	1052	1186
YPL146C	604	488	669	895
YPR107C	739	526	231	404
YPL035C	76	74	39	65
YPL082C	4113	3088	2528	4179
YPR064W	39	13	14	38
YPL216W	1085	930	537	817
YPL152W	2149	1671	554	831
YPL230W	538	310	93	241
YPL159C	1328	984	290	477
YPR183W	2657	2222	3760	2816
YPL204W	2962	2338	1214	1887
YPL109C	1268	961	331	556
YPL249C	808	453	326	467
YPR154W	1276	811	215	456
YPR026W	6811	5318	815	1363
YPR076W	0	0	0	0
YPR170W-B	515	467	248	495
YPR016C	9449	7791	6296	8769
YPL060W	652	585	228	323
YPR029C	4244	3562	2112	2684
YPR002C-A	21	18	8	23
YPL106C	51730	39836	35567	31993
YPR085C	623	515	291	443
YPL008W	985	793	447	752
YPR152C	170	136	79	158
YPL212C	1813	1495	2027	2352
YPL119C	1189	852	216	386
YPL078C	8340	6926	3104	3488
YPL195W	5014	3891	2469	2801
YPL025C	45	36	83	39
YPR060C	1466	1396	1252	1405
YPL199C	903	685	832	693
YPL228W	1189	1000	636	861
YPL018W	1070	846	127	252
YPL259C	958	751	255	633
YPR150W	88	76	2	24
YPL072W	378	262	196	290
YPL130W	34	28	8	15
YPR179C	922	707	441	627
YPR096C	110	65	33	64
YPL028W	14137	11467	12696	13924
YPL174C	939	843	459	695
YPR031W	803	626	628	867
YPL257W-A	0	0	0	0
YPR158W-A	0	0	0	0
YPL257W-B	120	60	11	163
YPR158C-D	845	485	855	2387
YPR137C-A	0	0	0	0
YPR137C-B	71	28	9	72
YPR158W-B	292	160	45	402
YPL060C-A	47	29	16	15
YPR158C-C	0	0	0	0
YMR172W	375	303	243	323
YMR027W	5282	4374	2055	3105
YML089C	8	11	0	0
YMR290C	1606	1612	2430	3593
YMR139W	2964	2526	947	1284
YMR191W	5762	5402	1519	2731
YMR244C-A	64	65	23	36
YMR091C	859	717	540	905
YMR173W-A	380	406	49	223
YMR180C	685	593	330	525
YML020W	896	716	232	521
YML088W	918	817	652	881
YML077W	701	643	389	731
YML125C	3233	2908	6190	4479
YMR318C	9149	8159	7495	10036
YMR115W	1345	948	456	690
YMR266W	9643	8850	5895	8538
YML057W	3067	2408	1095	1614
YML055W	1332	1028	682	1015
YMR105C	38236	33180	10119	13421
YMR268C	372	264	194	274
YML133W-B	0	0	0	0
YML090W	104	76	2	12
YML101C	700	630	1014	663
YMR012W	23525	19669	15988	20273
tY(GUA)M2	2	1	0	1
YMR202W	4023	3431	3927	5488
YMR083W	19936	16463	15758	16125
snR76	271	215	204	408
YMR017W	55	35	16	16
YML085C	11267	8762	7045	7859
YML013W	1653	1368	899	1037
YMR224C	717	670	350	563
YMR059W	328	283	143	290
YMR072W	3287	2846	1477	1950
YMR304W	5080	4335	2084	2848
YML087C	647	708	184	299
YMR195W	793	613	562	1129
YMR240C	286	231	150	197
YMR308C	10794	9441	10392	13591
YML001W	3737	3085	2414	3508
YML114C	482	336	210	334
YMR319C	5459	4188	5988	6826
YML075C	3620	3240	2788	3900
YMR075W	535	455	204	301
YML129C	1166	966	323	735
YML073C	5643	4590	13157	10283
YMR149W	5950	5265	3060	5145
YMR233W	174	142	227	274
YMR048W	264	205	128	191
YML030W	353	222	126	245
YMR118C	488	392	311	388
YMR260C	4747	3989	4217	5950
YMR135W-A	1	1	2	5
tM(CAU)M	1	6	12	5
YML056C	17958	15947	24481	30361
YML064C	745	692	284	437
YML132W	1712	1381	166	817
YML113W	241	238	206	356
YML058W-A	180	140	38	81
YMR136W	319	297	120	240
YML091C	4487	3925	878	1415
YMR199W	1441	1254	762	1299
YMR286W	1122	925	670	780
YMR025W	265	263	106	201
YMR112C	446	344	291	400
YML127W	3098	2497	2124	2878
YML005W	1138	1165	346	718
YMR160W	1141	905	312	578
YMR046W-A	5	1	4	7
YMR096W	327	294	141	324
YML133C	80	66	25	41
YMR246W	7674	6039	11235	14690
YMR052C-A	31	20	3	6
YMR120C	44290	39711	52957	73672
YMR052W	165	168	40	80
YML100W-A	28	22	19	17
YML049C	2283	1742	876	1468
YMR065W	1031	1144	430	557
YMR098C	1699	1388	830	1000
YMR302C	3443	2770	841	1293
YMR075C-A	8	12	0	1
YML060W	403	342	316	471
YMR080C	4674	4095	4755	6147
YMR156C	266	194	70	154
YMR294W	182	149	82	166
YMR167W	1093	938	566	894
YMR242W-A	21	10	7	25
YMR079W	8460	7238	6088	10661
YMR275C	1324	1007	522	916
YMR100W	2752	2396	1262	1661
YMR030W-A	14	25	6	23
YMR161W	1261	1168	721	1058
YMR183C	1108	858	1080	991
YML021C	1004	845	491	939
YML074C	552	477	427	698
YMR157C	1535	1239	706	1174
YMR110C	9505	8999	1784	3014
YMR097C	991	898	429	635
YMR111C	466	460	234	366
YML011C	609	587	293	497
YMR064W	1741	1535	539	1063
YML082W	885	696	673	976
YMR300C	4554	3594	5834	6464
YMR262W	1201	1128	549	779
YMR031C	3923	3350	1245	1714
YMR016C	294	252	198	322
YMR066W	722	641	338	434
YMR007W	256	167	36	53
YMR201C	343	239	163	194
YMR232W	818	874	108	191
YMR200W	3858	3735	1821	2800
YMR297W	65290	58263	33038	37017
YML026C	14008	12708	18671	27485
YML023C	2068	1813	1243	2061
YMR143W	12307	10579	14330	21463
YMR073C	623	539	422	615
YML069W	2173	1855	1450	1872
YML050W	655	621	329	350
YML099W-A	32	25	16	37
YMR211W	532	369	496	544
tF(GAA)M	9	1	6	7
YMR283C	513	508	305	410
snR74	116	171	15	43
RNA170	145	131	28	60
YML078W	6409	5473	5423	5398
YMR142C	16345	13808	33698	28152
YMR203W	7635	6057	4248	6449
YMR077C	330	274	158	164
YMR245W	56	65	21	44
YMR284W	1147	1037	340	614
YMR089C	3160	2380	1010	1500
YMR134W	256	239	116	165
YMR290W-A	22	9	12	8
YMR095C	242	223	152	215
snR83	136846	125517	13857	60892
snR73	3	4	0	3
tH(GUG)M	13	16	20	22
YMR099C	7564	6808	5570	7556
YMR132C	255	161	138	211
YML115C	2032	1628	1323	1958
snR11	4908	5009	2014	3207
YMR086W	1451	1172	678	931
YMR044W	450	289	234	339
YMR222C	1868	1671	844	1389
YMR272W-A	0	0	0	0
YMR321C	58	36	30	57
YML131W	2324	1994	686	1140
YML038C	4151	3904	1884	2744
YML122C	135	98	51	65
YMR036C	879	761	417	637
YML012W	7731	6482	5026	6616
YML100W	14172	10188	4886	6814
YMR312W	413	381	194	393
YML112W	189	148	66	138
YML099C	781	575	418	641
YML123C	994	800	2876	2428
tV(AAC)M3	0	3	3	0
YMR141C	263	214	64	98
YMR324C	0	3	0	0
YMR207C	1539	1213	978	1668
YMR236W	1345	1210	751	1301
YML034C-A	1	3	0	1
YMR204C	458	377	144	265
YMR011W	618	538	337	529
YML008C	3124	2713	2637	3531
YMR109W	2434	1589	1116	1954
YMR004W	1520	1316	735	818
YMR158C-A	26	31	46	38
YMR216C	3112	2637	2228	2895
YMR159C	1	1	0	0
YMR307C-A	0	0	0	0
YMR272C	11767	9266	7078	10238
YMR106C	400	347	262	359
YML092C	4749	3988	2696	2986
tV(AAC)M2	2	17	1	7
YML104C	3439	3011	2058	2637
YML058W	1155	838	288	847
tW(CCA)M	7	8	1	3
YMR148W	856	805	234	444
YMR168C	1163	1028	639	960
YML063W	31118	28430	59893	62513
YMR008C	3969	2561	1222	2208
YMR294W-A	418	368	27	252
YMR177W	1065	851	605	678
YMR213W	311	159	150	236
YMR192W	498	383	231	288
YMR326C	0	0	0	0
YMR014W	120	137	102	216
YMR020W	3403	3049	1029	1401
snR86	234059	249669	328940	132378
YMR208W	1486	1154	888	1538
YML098W	67	58	56	58
YMR133W	803	723	283	529
YML028W	25860	23786	21748	21576
YMR285C	799	666	585	683
YMR040W	277	276	103	128
YMR094W	200	199	153	196
YMR189W	3324	2920	1882	3093
YML128C	21526	20755	4585	4706
YML022W	4256	4023	5544	6202
YMR299C	531	462	269	567
YMR227C	71	57	48	71
YMR119W	4048	4000	1466	2358
YMR255W	748	619	454	456
YMR024W	2085	1732	842	1662
YML054C	1107	1089	237	341
YMR317W	2319	1829	1312	1297
YMR084W	247	195	55	58
YMR274C	488	482	306	531
YMR215W	6600	5312	2945	5141
YMR277W	2385	2100	1684	2002
YMR033W	1697	1580	1026	1553
YML094C-A	5	2	0	0
YML041C	805	601	344	401
YMR305C	6100	5193	3412	5611
YMR315W-A	50	40	34	32
YMR237W	5747	5310	3269	4935
YML095C	352	330	159	165
YMR018W	50	76	46	59
YMR163C	1010	898	473	518
YML027W	574	382	211	386
ZOD1	0	0	0	0
tD(GUC)M	13	2	0	3
YMR162C	4565	3856	2387	2930
YMR158W	898	797	343	750
YMR210W	1664	1496	852	1183
YMR316C-A	24	24	5	8
YMR241W	6427	5458	3699	7451
YMR205C	91495	75138	79701	85095
YMR235C	4468	4161	5412	5607
YMR047C	3016	2331	1658	2169
YMR259C	3127	2889	2236	3730
YMR175W-A	44	77	6	24
YMR281W	1001	890	488	749
YMR261C	13684	11044	5075	6391
YMR026C	910	727	504	735
YML010W	2097	1611	1289	2035
YMR150C	1096	867	668	1100
YMR067C	602	508	210	399
YMR179W	691	630	369	573
YMR126C	674	629	434	614
YML032C	996	812	493	560
YML018C	1795	1469	1341	2422
YML081W	4334	3799	2803	3940
YMR003W	478	507	212	380
YMR221C	2488	2289	1662	2521
YMR257C	2082	1647	597	954
YML068W	774	766	449	545
YMR117C	261	168	154	190
YMR060C	607	613	330	411
YMR144W	635	546	281	270
YMR068W	452	357	110	239
YML097C	235	205	187	302
YMR182C	75	60	33	74
YMR295C	3876	3515	3211	2821
YMR181C	1288	800	195	486
YML080W	600	632	557	776
YMR194C-B	410	329	316	327
YMR140W	1434	1142	467	632
YMR058W	10402	10044	3632	5342
YMR076C	1371	1240	768	1138
YMR239C	280	281	251	468
tG(GCC)M	2	2	2	1
YMR242C	16162	13826	28734	31564
YMR306C-A	12	9	1	4
YMR193C-A	83	66	39	121
YMR114C	408	371	116	172
YMR009W	835	649	358	495
YMR088C	2905	2925	2064	3448
YMR253C	1860	1582	654	1149
YMR103C	683	461	248	291
YMR254C	54	33	14	36
YMR303C	420	406	821	404
YMR316W	1323	1222	401	849
YML017W	3426	2782	1967	2697
YMR104C	2185	1885	563	1065
YMR309C	11535	10212	12132	14096
YML133W-A	0	0	0	0
YMR155W	2760	2571	1150	1727
YMR313C	3491	3146	1990	2736
YMR028W	473	446	153	223
snR72	21	19	6	16
YMR154C	711	604	354	614
tY(GUA)M1	8	2	3	7
snR75	85	103	25	97
YML096W	1061	968	814	1181
YML016C	2376	1789	1451	1984
YML006C	912	797	428	657
YMR178W	2783	2335	1575	1940
YML109W	851	664	551	641
YML015C	246	214	190	236
YMR197C	1218	1082	718	672
YML014W	348	260	324	392
YML106W	10609	9255	8074	11569
YML025C	704	573	191	402
tS(AGA)M	2	0	0	2
YMR172C-A	2	1	0	3
YMR193W	1031	847	366	690
YML052W	4621	3998	2180	3985
YML079W	1690	1465	629	1337
YML101C-A	0	0	0	0
YML047C	389	436	26	56
YMR174C	411	393	115	142
YMR218C	1332	1125	810	1008
YMR315W	6808	5718	3918	5690
YMR001C	2264	2005	1000	1486
tV(AAC)M1	9	5	0	7
tE(UUC)M	4	1	4	8
YML121W	851	784	723	907
YMR085W	308	211	56	120
YMR105W-A	45	47	28	39
YMR122C	66	42	26	48
snR78	57	189	20	44
YMR217W	10869	9702	13494	17689
tA(AGC)M2	0	0	0	0
YMR298W	3010	2582	1936	2445
YMR057C	52	49	18	36
YML042W	1311	1089	282	345
YMR320W	319	272	266	297
YMR287C	1414	1271	760	1117
YMR289W	1073	1016	580	809
YML048W	10547	9013	5621	7519
YMR250W	26341	23942	7368	8082
YMR230W-A	40	41	5	20
YMR124W	843	672	383	523
YMR311C	1154	923	428	697
snR77	137	221	63	74
YMR322C	10	14	0	1
YML119W	1014	916	352	477
YML043C	623	534	475	645
YML046W	2348	2582	1413	1788
YML004C	12440	11312	3806	6283
YMR071C	1198	1006	535	1112
YMR229C	8305	7161	14055	15409
YMR063W	511	401	373	303
YMR301C	1411	1098	635	1056
YMR276W	4383	3776	2020	2575
YMR002W	6268	5787	3830	3121
YML081C-A	3935	3755	1308	2595
YML019W	2577	2533	1744	2402
YMR176W	2819	2381	1423	2094
YMR158W-B	1	0	1	2
YML108W	252	249	200	433
YMR198W	768	750	352	502
YML094W	228	221	184	251
YMR006C	3145	2347	4605	5222
YML003W	367	364	205	275
YML057C-A	5	2	0	0
YML009C-A	12	13	4	11
tQ(CUG)M	3	6	0	0
YML093W	821	606	1382	1705
YMR116C	62494	53832	133985	115710
YMR196W	18906	16771	3619	4033
YML053C	575	531	189	330
YMR151W	179	168	49	63
YML009C	1725	1361	834	1456
YMR070W	150	108	65	97
YMR219W	1465	1043	512	876
YML037C	206	160	129	161
YMR280C	2477	2011	306	564
YMR170C	1978	1888	603	888
YMR123W	1440	1127	878	1602
YML012C-A	21	17	16	9
YMR019W	1197	960	512	820
YMR206W	324	202	77	119
YMR165C	774	571	310	434
YMR010W	2825	2695	1271	2159
YMR184W	1076	1022	980	850
YML126C	16807	14421	14511	16722
YMR244W	40	44	25	43
YMR279C	732	676	226	423
YMR316C-B	3	1	0	5
YMR107W	349	367	10	27
YML054C-A	49	59	17	34
YMR043W	801	688	401	401
tA(AGC)M1	0	0	0	0
YMR270C	1011	982	535	815
YMR175W	420	395	19	50
YML009W-B	0	0	0	0
YMR035W	1068	978	687	966
YMR108W	10944	9765	9329	10739
YML002W	1445	1339	616	899
YML111W	2920	2377	1178	1828
YMR278W	3044	2578	1227	1773
YMR185W	1221	1157	932	1542
YMR304C-A	417	373	135	352
YML084W	0	2	0	0
YMR258C	2582	2379	1101	1802
YMR023C	901	777	371	528
YMR291W	3379	2879	1760	2973
YMR041C	1024	963	447	513
YMR029C	2258	2037	771	1222
YMR092C	11251	9761	4726	6965
YMR138W	109	89	86	180
YMR122W-A	5642	4704	5191	7424
YMR053C	1023	850	251	368
YMR220W	1984	1825	1615	1997
YMR087W	1240	1076	218	497
YML031W	2888	2402	1914	2719
YML118W	303	227	128	203
YML120C	2422	1763	457	838
YMR078C	1092	996	770	1284
tL(CAA)M	6	2	3	8
YMR042W	506	390	543	470
YMR251W	220	143	43	84
YMR223W	1396	1315	509	1098
YML007C-A	52	70	9	24
YMR256C	2652	2394	500	1085
YMR214W	547	500	509	785
tP(UGG)M	22	31	31	40
YMR055C	194	181	146	240
YML117W	7059	5803	2937	4009
YMR271C	1893	1719	449	534
snR24	102	91	80	94
YMR226C	5714	5318	5118	4298
YML110C	11248	9398	5779	6418
YML047W-A	14	13	1	1
YML007W	3092	2686	1250	1653
YMR190C	1789	1477	1091	1390
YMR225C	744	692	531	638
YMR264W	2755	2442	2266	2354
YMR037C	1360	1162	384	818
YML024W	13407	11532	19252	29734
YML083C	133	94	40	44
YMR182W-A	16	22	19	48
YMR030W	507	440	191	215
YMR187C	666	599	399	741
YMR238W	2702	2308	1607	2681
YML061C	1113	1031	794	855
YMR130W	1313	1233	1119	1422
YMR005W	1016	908	536	866
YMR054W	4677	3593	2353	3537
YMR209C	2232	1990	1065	1895
YML102W	462	478	398	533
YMR194W	3876	3675	5809	7951
YMR252C	1144	928	424	720
YMR164C	369	307	153	268
YMR074C	1959	1663	1596	1972
YML065W	744	638	722	952
YMR243C	14824	14147	9646	14321
snR85	862	652	207	912
YMR145C	11078	10898	3575	4260
YML071C	199	190	99	238
YMR015C	9348	9221	5582	8157
YML070W	16234	14449	10378	11791
YMR125W	5958	5203	3255	4655
YMR325W	4	5	0	0
YMR141W-A	31	41	36	78
YML072C	26902	21357	21907	24881
YML105C	1471	1289	1100	1575
YMR119W-A	422	491	101	622
YMR069W	112	89	51	112
YMR293C	579	549	152	388
YML124C	5216	4418	5704	5020
YMR090W	4097	3673	1030	1364
YML029W	2487	2233	1382	1848
YMR171C	4087	3626	1489	2389
YMR102C	1487	1224	918	1432
YMR188C	987	828	503	705
YMR269W	0	0	0	2
YMR128W	1369	1277	1983	2376
YMR039C	636	556	461	481
YMR230W	9189	7980	11856	16274
YMR267W	1663	1419	929	1372
YMR247C	5058	4843	2807	3700
YMR152W	2997	2633	992	1632
YMR251W-A	24126	21060	9927	11386
YMR146C	2714	2387	1815	3493
YMR228W	893	850	268	566
YMR032W	1106	853	643	777
YMR013C-A	0	0	0	0
YMR001C-A	34	62	3	8
YMR031W-A	3	1	0	2
YMR153W	932	889	834	986
YMR056C	844	771	370	545
YMR282C	1346	948	663	1025
YMR234W	416	375	275	430
YMR323W	85	78	10	15
YMR062C	1295	1099	782	1225
YMR247W-A	104	131	23	54
YMR038C	2973	2580	2396	3977
YMR049C	1949	1767	2929	3671
YMR272W-B	15	12	1	6
YMR147W	487	337	211	380
YML067C	3166	2694	2204	3160
tK(CUU)M	3	1	0	12
tR(UCU)M1	0	2	0	4
YML107C	620	499	285	550
snR54	153	148	75	133
YMR231W	1656	1472	1071	1654
YMR081C	4055	3869	948	1411
YML051W	5806	4997	1801	2770
YMR314W	3664	3142	2077	2703
YMR113W	922	729	571	930
YML031C-A	1	0	0	0
YMR263W	257	209	84	163
YML034W	1756	1488	824	996
YMR131C	2521	2412	3577	5039
YMR310C	321	234	292	598
YMR034C	879	787	371	471
YML103C	10115	9613	5556	7565
YMR306W	556	506	219	419
YMR169C	6568	6990	448	819
YMR186W	67795	58756	46183	42919
YML059C	5609	4264	3241	5097
YML086C	2918	2283	1326	2004
YMR013C	1521	1586	832	1214
YMR127C	691	556	456	784
YMR153C-A	50	33	13	30
YMR212C	4371	4126	4655	5303
YMR296C	3658	2868	2322	3526
YMR101C	87	67	22	29
YMR166C	734	620	291	417
YMR061W	2693	2452	1438	2027
YMR288W	1362	1146	1071	1304
YMR265C	950	832	427	613
YML116W	800	687	602	1015
YML130C	4771	4003	2123	3098
YMR273C	663	533	273	449
YMR292W	1404	1264	468	1488
YMR137C	428	327	228	268
YMR013W-A	0	0	0	0
YML076C	1182	1001	316	628
YMR082C	20	28	6	11
tR(UCU)M2	0	0	0	4
YMR022W	3712	3430	914	2289
YML062C	180	110	91	167
YMR086C-A	89	47	31	39
YML035C	4915	4377	2502	2855
YMR173W	1129	1106	313	685
YMR194C-A	27	23	18	38
YMR093W	1880	1811	2088	2847
YML036W	924	760	328	800
YMR307W	71195	65471	86545	96855
YML116W-A	127	151	103	106
YMR021C	1433	1382	541	886
YMR135C	959	706	246	459
YMR121C	1008	903	1182	1012
YMR129W	4778	4407	4477	6924
YML066C	279	291	242	373
YMR045C	1358	822	803	1615
YMR050C	177	81	48	136
YML045W	78	55	56	98
YML040W	0	0	0	0
YML045W-A	0	0	0	0
YMR046C	0	0	0	0
YMR051C	0	0	0	0
YML039W	58	35	49	87
YBR225W	1728	1463	462	764
YBR182C-A	37	33	6	28
YBL055C	1667	1619	1493	2029
YBR293W	1139	913	544	972
YBR223W-A	0	0	0	0
YBR115C	3004	2408	3066	4304
YBR031W	21151	18004	33131	28532
YBL108C-A	5	0	0	0
YBR116C	29	35	3	1
YBR241C	4857	4508	1184	1531
YBR182C	246	281	109	134
YBR134W	36	23	7	24
YBL037W	1806	1383	881	1181
YBR019C	987	821	378	495
YBR022W	645	615	271	502
YBR121C-A	0	0	0	0
YBR119W	456	411	135	210
YBL022C	7083	6157	3745	4438
snR161	907	786	315	813
YBR243C	1181	1080	609	1268
YBR234C	8469	6956	3344	4979
YBR179C	2010	1786	865	1149
YBR247C	738	680	1253	1421
YBR124W	2	4	0	1
YBL086C	929	654	438	508
YBL065W	6	5	0	1
YBR227C	497	500	246	359
YBR218C	20243	16993	11142	14065
YBR244W	405	480	155	344
YBR160W	1681	1588	713	1120
YBL080C	823	689	510	518
YBR083W	2112	1934	592	998
YBR294W	1452	1226	630	876
tI(AAU)B	0	0	0	1
YBR091C	522	440	239	502
YBR284W	1067	820	246	353
YBR158W	8851	7654	5036	9432
YBR111W-A	523	496	189	374
YBL071C	134	93	71	121
YBR126W-B	287	251	138	195
YBR229C	9553	8139	5445	7717
YBR042C	1893	1541	1325	2117
YBR150C	1088	880	407	617
YBR298C	3131	2374	917	1378
YBR143C	8086	7117	6990	10599
YBR014C	1420	1342	598	814
tS(AGA)B	4	6	1	6
YBR259W	1000	893	455	776
YBR060C	735	590	456	530
YBR180W	87	59	41	73
YBL034C	2519	2072	1145	1532
YBR212W	1593	1219	377	665
YBR071W	1374	1278	507	563
YBL074C	247	172	142	169
YBL107C	511	420	243	454
YBR097W	3321	2992	1391	2166
YBR136W	3304	2772	1955	2759
YBR039W	13345	11876	4074	5968
YBL089W	1694	1596	935	1550
YBL067C	3679	3186	2120	3161
YBR270C	373	393	168	261
YBR087W	2078	1767	981	1477
YBR121C	16766	14264	17081	20122
YBR026C	5709	4818	2121	2761
YBR197C	525	559	362	587
YBR027C	33	33	9	26
YBR177C	6149	5124	1732	2712
YBR176W	1086	968	637	796
YBR230W-A	159	123	27	92
YBR090C	45	36	20	29
YBL071C-B	4	4	2	3
YBR064W	0	0	0	0
YBR044C	928	859	387	639
YBL068W	1074	1000	1355	1721
YBR216C	2059	1855	913	1382
YBR271W	592	473	677	979
YBR084W	6112	5224	6521	8709
YBR065C	366	375	210	361
YBR245C	1815	1538	1503	1844
YBR085W	378	279	918	957
YBR059C	5130	3931	2120	2417
YBR068C	18093	15907	7067	10987
YBR285W	777	759	118	117
YBR041W	6615	5485	2924	4564
YBR252W	1242	877	892	1482
YBL082C	1060	1064	854	1167
YBL002W	8172	6665	4321	9842
YBL098W	1199	1031	1985	2498
YBR117C	2609	2569	207	345
YBR214W	4091	3246	669	1004
YBR169C	15042	12941	2066	2996
YBR207W	4745	4187	2020	2885
YBR155W	150	139	291	424
YBL106C	948	733	571	855
YBR237W	470	400	284	393
YBR193C	807	727	489	550
YBR149W	15118	13582	6268	6517
YBR013C	612	587	152	259
YBL063W	648	479	318	656
YBL029C-A	666	662	59	284
YBR147W	975	851	179	372
YBR246W	1609	1400	1018	1646
YBR002C	732	653	667	991
YBR023C	10519	10341	6368	8562
YBL088C	3710	3294	1766	2877
YBL064C	9703	8892	2525	2709
YBL007C	10293	8421	7602	9751
tL(UAA)B2	0	0	0	2
YBL093C	1011	859	683	919
YBL091C	2760	2373	2917	2947
YBR142W	1231	1088	1773	2359
YBR047W	305	277	138	259
YBR238C	954	580	371	1041
YBR067C	4079	2814	1428	2127
YBR010W	9748	8548	7028	10035
YBL054W	496	405	574	768
YBR209W	50	45	22	57
YBL060W	591	544	177	291
YBR089W	0	1	0	0
YBR025C	22986	20068	22252	23531
YBR040W	2399	3337	139	410
YBR230C	2189	1842	319	716
YBL027W	20657	18687	48094	39309
YBL100C	1412	1470	184	494
YBR261C	1072	886	1280	1227
YBR034C	2530	2030	3151	4440
YBR101C	2795	2617	943	1670
YBL010C	485	402	324	374
YBR053C	5584	5058	2344	2864
YBL059C-A	972	924	423	688
YBR255C-A	241	203	102	242
YBL042C	4918	4846	5929	7984
YBL039C	4592	4696	8793	12242
YBR217W	307	252	219	234
YBR200W-A	12	7	8	5
YBL003C	7773	6813	6423	7732
YBR069C	10711	9968	9153	12132
YBR056W-A	20	12	3	8
YBR009C	6091	5379	7300	6168
YBL038W	1698	1657	780	1040
YBR056C-B	0	0	0	0
YBR081C	1567	1201	1040	1354
YBR007C	593	549	370	670
YBR146W	2526	2078	1127	1782
YBR171W	1651	1485	670	1612
YBL028C	493	400	1032	946
YBR135W	1595	1631	596	939
YBR264C	427	338	324	311
YBR043C	2164	1883	1075	1634
YBL059W	310	233	203	198
YBR131W	492	393	333	456
YBR233W-A	311	269	227	446
YBR092C	10140	8828	11350	11908
YBR126C	16475	12551	5345	5579
YBR057C	1215	1120	528	646
YBR086C	20229	16674	8083	12435
YBR174C	7	5	2	4
snR56	226	354	19	48
YBR281C	1935	1648	838	1401
YBL103C	840	654	340	635
tG(GCC)B	2	0	0	0
YBR159W	7032	6293	4779	7169
YBR118W	139408	113642	240446	163492
YBL004W	12996	11734	15435	21465
YBR163W	1649	1341	731	981
YBL013W	493	445	244	272
YBL112C	1	3	0	0
YBR231C	143	128	128	148
YBL066C	1042	756	264	675
YBR008C	892	604	381	743
YBL015W	10692	8611	2113	2512
YBR038W	1514	1122	482	977
YBL018C	230	206	243	380
YBR253W	717	593	590	662
YBL068W-A	0	0	0	0
YBR058C	3196	2720	1802	2500
YBL084C	1114	772	469	786
YBR224W	16	10	3	2
YBR077C	1274	1107	417	781
YBL087C	12828	11433	16155	26649
YBR098W	617	591	212	261
YBR239C	560	490	213	375
YBR168W	1465	1194	576	870
YBL046W	414	330	222	239
YBR003W	2995	2522	1303	1951
YBR215W	418	376	201	304
LSR1	802679	763035	1685869	540295
YBL025W	154	113	75	127
YBR105C	2510	2073	996	1318
YBR200W	1762	1564	1236	1487
YBR190W	10	3	9	9
YBR248C	2406	2157	2381	2869
YBR145W	3316	2649	1877	2174
YBL047C	16710	13615	9093	10423
YBR099C	0	0	0	0
YBL014C	1570	1226	1289	1775
YBR062C	944	769	257	399
YBL092W	17829	15190	33725	33466
YBR240C	313	242	108	172
YBR251W	2069	1767	1322	1536
YBR199W	10109	8632	4502	6535
YBR128C	377	291	116	230
YBR139W	18312	16569	5111	7132
YBL070C	12	7	2	7
YBR054W	49645	45610	19065	25257
YBL039W-B	296	233	74	165
YBR072W	70861	63320	10696	12859
YBR111C	5571	5218	4120	4071
YBL001C	4446	3833	1557	3180
YBR110W	2534	2329	1279	2242
YBL111C	32	28	2	9
YBL036C	1391	1135	740	999
tR(UCU)B	1	0	0	0
YBL094C	2	3	0	2
YBR033W	1354	1132	478	637
YBL073W	14	18	12	13
YBR096W	4897	4626	1537	3061
YBL053W	1	2	0	1
YBR030W	742	664	871	859
YBL076C	38803	32053	43632	46763
YBR256C	3667	3175	1936	2342
YBR162W-A	479	356	118	510
YBL077W	55	43	8	32
YBR156C	490	412	170	283
YBL012C	49	40	8	34
YBL008W-A	0	4	1	0
YBR297W	2584	2144	1000	1064
YBR189W	23789	20567	58009	47414
YBL096C	8	5	12	25
YBR011C	23292	19182	18289	22298
YBL041W	4842	4136	1745	2763
YBL081W	96	48	42	121
YBR089C-A	434	492	197	272
YBR103C-A	11	7	1	2
YBR296C	66	56	20	19
YBL040C	4547	4182	1802	3555
YBR165W	1601	1364	446	846
YBL026W	1327	1357	468	1206
YBR082C	8720	7626	2711	4370
YBR280C	2011	1706	391	575
YBR061C	753	650	871	830
YBL016W	1792	1810	860	1519
YBR175W	874	871	994	1071
YBR029C	5047	5012	2878	3580
YBL057C	1578	1449	1124	1608
YBR298C-A	5	20	2	9
YBR192W	892	771	480	658
tQ(UUG)B	2	4	0	3
YBR302C	689	528	45	223
YBR254C	781	721	460	766
YBR204C	1823	1640	830	895
YBR220C	812	660	594	1013
YBR222C	9535	8616	4909	7959
YBR290W	1391	1220	376	716
YBR162C	13528	10693	6752	12793
YBR167C	265	280	160	237
YBL033C	1334	1205	756	841
YBR228W	618	493	166	297
YBR263W	10990	9215	7283	9192
YBR250W	67	64	58	47
YBR272C	1332	1103	498	823
YBR120C	733	636	167	325
YBR084C-A	17813	15710	27536	26408
YBL062W	0	0	0	0
YBR301W	3	3	16	11
YBR076W	434	387	73	122
YBR210W	970	835	396	987
YBR106W	5439	4847	8922	8699
YBR005W	1537	1496	443	730
YBR153W	325	299	193	341
YBR132C	3046	2484	953	1493
YBR166C	1057	1007	643	979
YBR221W-A	239	186	15	157
YBR131C-A	0	0	0	0
YBR161W	1400	1218	712	1094
YBR109C	6572	5808	4277	4859
YBR255W	492	468	229	398
YBR205W	3122	2772	2481	3300
YBR296C-A	10	0	1	2
YBL043W	213	213	46	103
YBR130C	966	920	692	944
YBR206W	127	84	88	117
YBR122C	2072	1819	1084	1456
YBR295W	2137	1774	1207	1645
YBR004C	1866	2131	634	1114
YBR202W	3119	2481	1897	2619
YBR001C	3322	2860	477	1030
YBL113C	615	508	126	145
YBR288C	1993	1789	1051	1658
YBR282W	890	728	495	650
YBL072C	15998	13756	19093	27454
YBR103W	1012	865	527	734
YBR107C	506	409	408	506
YBL024W	2568	2366	2858	3848
YBR012C	875	1060	303	252
YBR188C	263	257	163	291
YBL075C	1440	1305	199	331
YBR102C	555	441	378	582
YBR006W	4390	4023	1003	1640
YBL051C	1402	931	681	1089
YBR196C	141600	118179	173727	144574
YBL031W	306	283	155	236
YBR141W-A	0	0	0	0
YBL006W-A	0	0	0	0
YBL100W-C	63	52	21	64
YBR236C	1697	1565	1373	1513
YBR276C	3536	3006	1731	2755
YBR036C	9905	8482	4306	5974
YBR045C	324	272	83	84
YBR291C	567	450	431	607
YBR137W	1432	1334	865	874
YBR079C	4150	2878	3931	4857
YBR017C	6281	5394	3580	5340
YBL044W	35	26	4	31
YBL023C	1962	1762	1204	1553
YBR127C	36600	30140	38755	41687
YBR152W	86	89	52	129
YBR035C	3554	3252	3370	2882
YBR289W	503	293	289	483
YBL017C	14414	11722	9292	13425
YBR157C	1947	1796	1095	1626
YBL104C	1122	1034	852	1068
YBL109W	2	0	0	0
tL(UAA)B1	4	2	2	3
YBR072C-A	31	32	0	10
YBR300C	6	1	4	18
YBR195C	937	770	728	1104
YBR233W	168	140	64	117
YBR262C	923	793	655	687
YBR020W	552	459	251	411
YBR085C-A	9475	8205	1009	1538
YBR123C	680	626	383	493
YBR221C	24052	21113	16066	20766
YBL029W	393	390	93	178
YBL045C	14028	12206	4272	6362
YBR191W-A	126	120	60	220
YBR154C	2105	1903	1765	2788
YBR278W	123	134	85	117
YBR273C	1698	1519	802	970
YBR032W	94	100	52	59
YBR048W	17502	14962	20251	28824
YBR104W	281	181	540	657
YBL079W	6125	5231	3713	5946
YBR265W	2546	2011	2498	2482
YBR249C	11547	10065	12784	15861
YBR203W	2762	2410	879	1534
YBR184W	214	209	125	150
YBR170C	1513	1270	929	1065
YBR173C	2131	1910	984	1323
YBR133C	2673	2337	1527	2563
YBR275C	1506	1309	1069	1498
YBL108W	4	2	0	3
YBL113W-A	0	0	0	0
YBL085W	1645	1269	1082	1431
YBL052C	646	629	411	779
YBL009W	692	588	439	826
YBR283C	9611	7335	4974	8027
YBR094W	1794	1588	971	1575
YBR258C	137	91	54	80
YBR201W	617	578	390	560
YBR070C	1095	985	494	910
tE(UUC)B	0	2	0	3
YBR198C	1068	710	463	791
YBL056W	6348	5520	3657	4757
YBL099W	27583	20943	9950	13275
YBR257W	317	354	177	318
YBR126W-A	31	21	23	18
YBR242W	621	594	332	780
YBL008W	1004	830	881	1079
YBR181C	15546	14328	38807	27630
tC(GCA)B	0	0	0	0
YBR052C	6193	5399	3918	3992
YBR093C	2030	1800	1441	1556
YBR049C	2756	2315	1900	2176
YBR056W	8386	7792	3042	3392
YBL030C	7712	5386	2864	3548
tT(AGU)B	0	5	0	0
YBR141C	264	250	259	373
YBR226C	87	141	6	47
YBL005W	2075	1601	841	1292
YBR151W	3981	3585	2183	2286
YBR144C	30	37	11	25
YBR178W	9	18	2	5
YBR138C	661	612	208	293
YBL090W	1172	1129	753	995
YBL105C	2722	2019	1182	1792
YBL102W	3733	3032	2046	2989
YBL011W	3679	3276	2386	2600
YBR095C	968	867	536	704
YBR196C-B	160	123	43	101
YBL048W	373	528	22	60
YBR066C	776	718	349	649
YBR292C	28	45	15	21
YBR018C	154	141	84	84
YBR194W	353	312	235	219
YBR076C-A	608	617	68	321
YBR108W	647	412	130	206
YBR046C	1674	1449	548	922
YBR235W	2290	1976	1297	2193
YBR274W	1990	1870	1265	1615
YBL006C	442	374	239	494
YBR186W	99	103	52	131
YBR277C	0	1	0	2
YBR185C	2217	1868	798	1354
YBL078C	667	534	135	162
YBR037C	2077	1786	858	1218
YBR015C	7441	6419	4522	6460
YBR016W	534	412	179	299
YBL107W-A	3	1	0	1
YBL071W-A	102	113	127	159
YBR269C	1154	937	246	425
YBR266C	0	0	0	0
YBR055C	1305	1154	780	1357
YBR088C	339	268	122	377
tV(UAC)B	5	1	0	4
YBL019W	573	576	246	382
YBR112C	1013	752	527	802
YBR164C	990	799	616	978
YBR148W	93	76	35	48
YBL020W	4315	3841	2204	3258
YBR208C	10883	8978	2342	3801
tD(GUC)B	1	1	0	3
YBR172C	2029	1707	1066	1880
YBL097W	60	47	60	159
YBR050C	167	180	110	94
YBR183W	5120	4617	1373	2073
YBR213W	39	29	55	40
YBR113W	70	39	15	35
YBL091C-A	749	719	701	724
YBR196C-A	44	36	9	30
YBR286W	60821	54093	34510	45244
YBR268W	525	495	228	412
YBR058C-A	1039	1020	515	990
YBR287W	9728	8919	2960	5018
YBL083C	0	1	0	2
YBL061C	1312	1187	723	982
YBR267W	280	276	312	490
YBR114W	1224	1128	603	760
YBL032W	4544	3600	2634	3302
YBR219C	18	13	2	11
tF(GAA)B	2	0	0	2
YBR299W	279	172	96	133
YBR191W	16933	14564	17854	32588
YBR125C	2085	1682	603	1305
YBL069W	588	565	407	632
YBR223C	362	291	105	221
YBR074W	7793	7008	5152	6922
YBR201C-A	1062	990	222	418
YBR187W	2862	2601	3337	4509
YBL021C	281	283	258	248
YBL049W	1718	1609	183	283
YBL035C	629	456	453	639
YBL095W	190	231	148	200
YBR073W	2827	2393	2113	2568
YBR109W-A	26	24	3	17
YBR260C	1350	1095	762	940
YBR279W	1180	1018	688	840
YBR211C	773	672	289	540
YBR078W	27587	21856	15168	25286
YBR063C	415	309	327	308
YBR028C	1278	1113	781	1437
YBL039C-A	0	0	0	0
YBR129C	1168	1214	703	943
YBL050W	2873	2608	1805	2157
YBR051W	20	10	2	6
YBR080C	2988	2378	1815	2727
YBL058W	5536	5035	2798	3069
YBL101C	1801	1469	610	1237
YBR140C	15089	12217	6549	10703
YBR021W	2094	1778	916	1723
YBR232C	2	1	0	0
YBR024W	1242	1036	599	684
YBL005W-B	2901	1537	1156	3503
YBL100W-A	0	0	0	0
YBR012W-B	425	248	133	293
YBR012W-A	0	0	0	0
YBL005W-A	0	0	0	0
YBL100W-B	510	437	188	483
YNR017W	1410	1278	1161	1417
YNL105W	4	5	0	0
YNR069C	576	544	134	188
YNL306W	1579	1338	624	1309
YNL288W	834	625	394	666
YNL191W	1083	948	610	797
YNL150W	37	48	17	42
YNL097C	499	405	225	295
tN(GUU)N1	19	7	0	7
YNL137C	2504	2014	1339	1923
YNL331C	277	194	180	205
YNL030W	6416	5215	5797	7265
YNL297C	5099	4422	2013	3304
YNL102W	2629	2288	2073	2896
YNR026C	753	565	563	651
YNL152W	452	358	184	310
YNL140C	0	0	4	13
YNL099C	682	606	479	660
YNL182C	1035	1006	1787	2204
YNL180C	778	645	282	388
YNR001C	25336	21432	6217	9635
YNL091W	2022	1618	1096	1692
YNL157W	2171	1943	913	1414
YNL315C	2796	2378	2323	2190
YNL221C	2064	1885	1496	2132
YNR052C	2626	2201	1404	1649
YNL061W	1253	1069	1982	2240
YNL284C	2115	1723	877	1364
YNR040W	728	555	639	750
YNL246W	1003	817	859	968
YNL097W-A	0	0	0	0
YNL121C	4837	4030	2872	3630
snR191	24253	21651	3148	19181
YNL043C	123	149	16	91
YNR055C	5661	5162	3303	4658
YNL039W	529	508	206	349
YNR036C	5306	4671	3020	3756
YNL304W	419	360	265	272
YNL119W	685	692	401	688
YNL034W	122	134	62	164
YNL187W	218	163	125	176
YNL310C	571	507	253	385
YNL277W	1042	992	349	452
YNL126W	1740	1660	938	1708
tL(UAA)N	6	0	6	5
YNL210W	183	145	142	239
YNR041C	456	387	251	380
YNL193W	976	750	655	920
YNL301C	2774	2440	4329	4762
YNL263C	4034	3586	1992	3152
YNL059C	996	770	669	891
YNL028W	4	5	4	5
YNL044W	968	884	692	989
YNL026W	2098	1766	737	1497
YNL067W	11271	9656	12063	14102
YNL205C	8	19	3	7
YNL104C	14502	11893	10024	12288
YNL169C	2791	2208	1284	1960
YNL268W	7006	5989	4564	5717
YNL162W	8084	7117	17790	16547
YNL257C	2600	2260	1736	2086
YNL229C	1397	1276	810	1125
YNL042W-B	26	21	5	7
YNL248C	2701	2536	3467	4931
YNR045W	734	619	331	456
YNR051C	3079	2417	3122	2968
YNL190W	14256	12064	6471	6244
YNL194C	2378	2154	119	293
YNL080C	1574	1431	922	1523
YNR005C	3	1	0	0
YNR064C	110	78	100	130
YNL145W	9251	8743	2139	8322
YNR068C	299	310	69	127
YNL323W	2043	1691	1479	2001
YNL003C	1965	1748	720	1330
YNL199C	1292	1137	832	1126
YNL048W	2205	1867	1610	2114
YNL072W	500	445	410	483
YNL224C	1129	982	681	781
YNL067W-A	0	1	0	1
YNR032W	2547	2415	1265	1922
YNL206C	1291	1070	758	1127
YNR062C	232	243	146	212
YNL203C	24	26	1	9
YNL273W	1471	1247	856	1301
tI(AAU)N1	0	0	0	0
YNL213C	601	527	393	454
YNL055C	49919	45355	29455	37304
YNL170W	34	53	11	29
YNR013C	2134	1586	899	1700
YNL269W	42	33	9	16
YNR020C	188	92	44	136
YNL041C	1696	1554	973	1245
YNL234W	321	291	153	349
YNL165W	661	602	336	467
YNL116W	689	547	406	672
YNL008C	1887	1605	568	1100
YNL309W	190	155	86	123
YNR015W	914	826	809	880
YNR075W	1179	720	827	1032
YNL025C	539	449	157	325
YNL058C	757	699	196	392
YNL313C	1242	965	1299	2121
YNL122C	858	674	301	553
YNL094W	1935	1654	757	961
YNL001W	1186	1176	1056	1259
YNL317W	988	835	468	578
YNL035C	1659	1726	1014	1441
YNL007C	9267	7981	1652	2783
YNL162W-A	47	45	38	53
YNR039C	1464	1268	692	1013
YNL103W-A	171	155	31	126
tL(CAA)N	2	4	2	5
YNL052W	5189	4675	3096	2878
YNL120C	0	0	0	0
YNL002C	989	865	1140	1855
YNL311C	748	761	305	578
YNR007C	513	422	113	196
YNL291C	3230	2622	1644	2583
YNL195C	3543	3392	125	152
YNL087W	6402	5550	5722	8304
tF(GAA)N	0	1	2	2
YNL217W	2449	2316	2360	2514
YNL029C	992	964	766	801
YNR028W	1556	1498	622	994
YNL009W	291	256	207	224
YNL024C-A	1186	1005	450	1065
YNL334C	78	70	57	99
YNL319W	29	24	0	16
YNL295W	623	520	319	446
tN(GUU)N2	2	2	2	0
YNL192W	4515	3678	1227	2481
YNL149C	72	80	47	112
YNL071W	16064	13330	12730	13097
YNL089C	7	23	2	6
YNL308C	207	131	322	469
YNL239W	6732	6095	3898	4350
YNL275W	1544	1541	1130	1509
YNR071C	378	279	141	185
YNL226W	2	1	3	2
YNL040W	962	862	504	853
YNL117W	263	228	158	220
YNL050C	309	358	318	290
YNL086W	357	300	189	329
YNL017C	6	3	5	4
YNR070W	1008	851	350	545
YNR067C	4104	3311	2970	4728
YNL305C	8011	7152	1581	2567
YNL015W	2439	2503	1066	1422
YNL146C-A	175	148	96	94
YNL063W	938	727	394	534
YNL294C	1891	1721	892	1157
YNR046W	676	615	486	682
YNL167C	928	694	256	529
YNL280C	2875	2543	2300	3678
YNR002C	915	808	186	282
YNL036W	455	430	315	465
YNL075W	601	604	817	1023
YNR058W	361	352	128	160
YNL054W	959	858	547	761
YNR006W	385	329	232	278
YNR042W	1	0	0	0
YNL261W	1364	1324	590	1211
YNL188W	527	434	208	334
YNL146W	113	97	22	41
YNL228W	0	0	0	0
YNL211C	223	244	85	191
YNR021W	8831	7350	6776	7800
YNL201C	1986	1717	1511	1972
YNR033W	2076	1694	871	1560
YNR034W	700	587	372	494
YNL272C	1597	1371	1057	1369
YNL245C	281	246	199	283
YNR074C	561	424	577	827
YNL123W	4128	3517	2975	4530
YNR016C	36495	25413	39031	48922
YNL223W	478	405	122	284
YNR032C-A	396	322	220	341
YNL133C	169	131	38	137
YNL178W	35886	31127	64049	65775
YNL065W	4559	3653	3988	6424
YNR043W	3965	3454	3803	4497
YNL021W	1930	1594	1042	1634
YNL124W	218	186	359	343
YNL312W	1668	1519	1090	1495
YNL143C	164	114	71	135
YNL251C	802	580	325	565
snR40	408	348	368	458
YNL299W	358	296	512	550
snR19	429495	370057	332688	258777
YNR049C	740	797	361	533
YNL163C	2180	1799	1760	2693
YNR073C	227	126	132	154
YNL127W	1762	1574	843	1341
YNL118C	3725	3099	1905	2688
tT(AGU)N2	0	0	2	0
YNL189W	7794	6562	4366	6328
YNL290W	1280	1166	950	1160
YNR025C	46	36	7	18
YNL250W	879	758	458	651
YNL314W	357	266	145	225
YNL227C	64	56	74	88
YNL218W	631	525	414	514
YNL004W	1530	1140	785	1207
YNR023W	1049	904	612	735
YNL092W	435	294	127	157
YNL324W	1	0	0	1
YNL233W	1017	951	629	822
YNL155W	1986	1922	840	1129
YNL020C	1401	1096	828	1149
YNL076W	538	423	305	378
YNL200C	11212	10277	1668	2929
YNL177C	1634	1181	670	1138
YNL077W	1419	1253	453	734
YNL293W	1042	914	348	582
YNL098C	2037	1721	1089	1612
YNR004W	176	182	129	189
YNL049C	3401	2993	3668	4970
YNR019W	1366	1002	696	944
YNL031C	8896	7209	4359	9009
YNL019C	166	127	75	74
YNL214W	469	430	244	341
YNL006W	1904	1694	1019	1557
YNR030W	7060	6115	2736	5414
YNL038W	773	762	485	891
YNL090W	91	74	61	79
YNL151C	206	183	164	272
YNL254C	331	346	439	518
YNR008W	1214	927	818	1028
YNR038W	1054	1005	858	1584
YNR003W-A	0	0	0	0
YNL307C	7610	6796	4903	6084
YNL131W	3737	3023	1647	3289
YNL265C	477	366	234	266
YNL175C	481	434	956	1110
YNL042W	275	271	97	140
YNL022C	930	824	1146	1436
YNL056W	1253	1060	454	813
YNL011C	1410	1229	621	903
YNL329C	2372	1942	1469	2155
YNL074C	1549	1206	418	831
YNL093W	242	227	46	81
YNR047W	3729	3105	1459	2300
YNL183C	2621	2104	736	1326
YNL057W	1	1	0	0
YNL238W	6426	5600	4263	5013
YNL154C	4324	3443	2543	3076
YNL267W	3818	3118	1787	2705
tP(UGG)N2	15	2	2	16
YNL014W	667	647	197	362
NME1	94912	89583	14490	56702
YNL078W	712	735	409	628
YNL209W	40360	30822	56477	57765
YNL253W	953	859	553	790
YNL173C	2652	2232	1055	1233
YNL066W	5707	4522	6817	10562
YNL321W	1974	1472	547	1173
YNR054C	231	140	118	243
YNR072W	319	216	82	106
YNR076W	27	31	5	35
YNR031C	2345	1936	1415	1914
YNL110C	420	399	632	1131
YNL232W	829	734	556	919
YNL262W	1919	1318	1023	2086
YNL142W	1231	1259	502	750
YNL129W	434	367	319	483
YNR014W	202	164	116	171
YNL005C	3387	2955	1194	2108
YNL174W	0	0	0	0
YNL335W	61	57	34	51
YNL240C	1846	1596	2213	2092
YNL318C	22	6	2	3
YNL256W	2545	2423	2298	3118
YNL012W	896	850	147	239
YNR029C	629	605	575	665
YNL130C-A	33	11	8	21
YNL107W	639	535	294	515
YNR065C	1491	1249	759	1049
YNL332W	44	43	12	14
YNL023C	1581	1478	2122	2577
YNR056C	367	329	121	135
YNL186W	1743	1639	1356	2054
YNL153C	780	695	721	953
YNL130C	5955	5556	2621	4555
YNL088W	4858	4132	2578	4031
YNL216W	3074	2715	2858	3105
YNL276C	6	10	0	5
YNL108C	320	294	169	273
YNL252C	1260	1058	692	812
YNL181W	1146	1049	918	1142
YNL197C	1891	1428	688	1221
YNL064C	3716	2932	2573	2440
YNL202W	139	63	70	146
YNL283C	1596	1226	873	1090
YNL147W	716	683	450	626
YNL286W	245	226	193	287
YNL337W	0	3	0	0
YNL322C	5822	4906	1772	2444
YNL158W	839	717	480	766
YNL168C	1746	1447	1160	1827
YNL259C	670	631	155	637
YNR022C	1172	971	1219	1165
YNR077C	0	0	0	0
YNL068C	871	599	406	648
tI(AAU)N2	0	0	0	0
YNL037C	8094	7198	2295	3855
YNL085W	17112	16076	9652	13852
YNL051W	1035	1115	437	630
YNL148C	315	304	300	354
YNR075C-A	105	46	81	101
YNL255C	5210	4464	5650	6672
YNL070W	3374	2801	606	1863
tD(GUC)N	56	39	41	18
tT(AGU)N1	2	4	1	9
YNL271C	3489	2266	1556	2836
YNL198C	26	16	7	6
YNR018W	2193	2006	3267	2444
YNL327W	3880	2962	3651	7507
YNL236W	1594	1378	545	1074
YNR001W-A	12	17	2	1
YNL053W	1602	1413	763	1085
YNL281W	4223	3734	2932	2528
YNL279W	2564	2940	412	1060
YNL156C	2417	2174	921	1255
YNL260C	307	239	160	265
YNL222W	679	642	276	422
YNL235C	1	6	2	0
YNR059W	1350	1111	1049	1191
YNR044W	957	532	196	1011
YNL225C	832	754	425	523
YNL215W	64	32	26	32
YNL326C	1491	1264	617	865
YNL100W	2343	2132	860	1085
YNR009W	332	234	108	214
YNR066C	530	456	199	353
YNL339W-A	0	0	0	0
snR66	240	272	57	129
YNL266W	8	7	0	8
YNL292W	427	350	284	481
YNL242W	3597	2879	1041	1353
YNR057C	354	273	193	212
tG(UCC)N	0	0	0	0
YNL067W-B	5	3	6	4
YNL166C	561	374	374	536
YNL111C	805	729	844	1211
YNL069C	43501	39239	70887	77342
YNL277W-A	51	37	7	26
YNL128W	100	84	34	75
YNL300W	88	104	29	199
YNL179C	81	78	49	62
YNR050C	4072	3471	4685	5167
snR49	353	403	66	433
YNL138W	4204	3178	1950	2300
YNR048W	889	794	449	613
YNL302C	9787	8632	16108	18575
YNL045W	8073	6518	3260	4847
YNL125C	3080	2706	847	1330
YNL207W	1001	914	1117	1350
YNR011C	573	467	351	725
YNL241C	6451	5015	1976	2399
YNL112W	1210	1039	3453	5833
YNL249C	737	603	533	819
YNL270C	180	184	60	70
YNL115C	3679	3187	772	1354
YNL073W	3355	2962	1493	2119
YNL082W	880	732	622	677
YNL097C-B	28	25	22	25
YNR034W-A	13246	11196	1972	2316
YNL296W	0	0	0	0
YNL138W-A	297	289	158	193
YNL196C	174	149	96	132
YNL109W	19	18	8	14
YNL101W	7120	6584	2251	3338
YNR012W	1076	927	1026	1388
YNL114C	0	0	1	0
YNL237W	2077	1718	361	626
YNL084C	2443	2236	1299	1530
YNL289W	1046	883	663	795
YNL171C	0	0	1	0
YNL208W	10250	9793	8394	5322
YNL010W	6848	5865	6921	9440
YNL134C	10070	8935	3195	5925
YNR053C	2046	1809	3115	3739
tP(AGG)N	12	6	3	4
YNL231C	1492	1267	781	1434
YNL230C	370	347	233	261
YNL339W-B	0	0	0	0
YNL258C	2322	1993	1922	2064
YNL328C	163	123	91	211
YNL081C	1282	1188	609	997
YNR037C	1391	1137	638	1033
YNR063W	184	206	162	236
YNL339C	45	38	7	8
YNR060W	486	408	270	299
YNL287W	19547	16534	11570	13744
YNL095C	1406	1263	1367	1549
YNL096C	1798	1396	2066	2396
YNL282W	286	242	201	349
YNL047C	428	301	200	350
YNL139C	0	2	2047	3470
tP(UGG)N1	0	1	0	1
YNL298W	871	771	390	658
YNL113W	188	201	89	316
YNR003C	398	359	456	690
YNL316C	769	635	353	659
YNL016W	7657	6303	6623	7453
YNL330C	2187	1857	1026	1777
YNR010W	129	141	55	86
YNL172W	3674	3011	1624	2313
YNL132W	2894	2638	3743	5007
YNR027W	601	498	340	684
YNL083W	569	406	288	464
YNL013C	1	3	0	0
YNL164C	304	258	201	283
YNL274C	2507	2205	348	653
YNL176C	806	556	307	682
YNR061C	2219	1957	1416	1719
YNL303W	470	452	130	787
YNR035C	6386	5606	2835	3591
YNL160W	56359	48367	12221	20304
YNR024W	40	33	33	33
YNL024C	166	121	147	321
YNL018C	179	109	70	130
YNL033W	84	65	53	94
YNL141W	1211	1346	4073	5562
YNL320W	1115	1091	636	1131
YNL204C	175	132	51	131
YNL106C	1092	797	434	648
YNL338W	0	0	0	0
YNL161W	1625	1316	830	1033
YNL247W	3648	3041	3844	4128
YNL285W	7	7	3	4
YNL062C	1146	1082	1664	1953
YNL325C	967	776	433	657
YNL046W	1185	900	830	1157
YNL032W	635	527	424	547
YNL135C	12015	10778	15909	12740
YNL212W	2759	2496	1696	2194
YNL243W	7538	6537	5051	4937
YNL103W	1385	1072	396	674
YNL144W-A	0	0	0	0
YNL333W	78	111	52	86
YNL027W	1343	1159	540	832
YNL278W	879	737	344	592
YNL144C	5436	4510	2715	3297
YNL159C	1383	1160	423	917
YNL220W	18058	15767	14297	19126
YNL184C	3	1	1	1
YNL336W	4955	4604	2236	2692
YNL264C	1619	1322	1172	1400
YNL136W	153	92	40	121
YNL185C	1450	1182	447	1025
YNL219C	8528	8192	3703	6572
YNL079C	5857	5010	8328	4847
YNL244C	5751	5296	3236	6369
YNL054W-B	1463	968	915	2040
YNL284C-B	471	292	143	431
YNL284C-A	0	0	0	0
YNL054W-A	0	0	0	0
YJL160C	150	93	42	140
YJL204C	768	775	266	528
YJR105W	12922	11524	14939	15293
YJR129C	460	413	383	538
YJL139C	1137	954	696	990
YJL062W-A	2070	1952	654	1486
YJL110C	1043	863	513	800
YJR088C	1260	1041	759	1080
YJL213W	217	152	227	346
YJR046W	2223	1904	1125	1568
YJL020C	2565	1681	639	1053
YJL187C	1631	1584	877	1329
YJR131W	1097	828	521	1020
YJL133W	1614	1363	935	1341
YJL086C	4	4	1	6
YJR053W	531	433	491	520
YJR044C	3120	2826	1289	1747
YJR100C	1206	951	507	767
YJR012C	259	257	112	158
YJR067C	149	156	107	130
YJR146W	179	182	91	157
YJR140W-A	0	0	0	0
YJR130C	972	854	565	816
YJR069C	873	814	911	1216
tV(AAC)J	0	6	0	3
YJR120W	711	573	90	318
YJL186W	6720	6167	6248	7801
YJL008C	3308	2784	2538	3445
YJL061W	3051	2715	2609	2726
YJR085C	5627	4936	1297	3344
YJR040W	3316	2661	1674	2809
YJL189W	1	4	5	21
YJR039W	1165	1003	511	725
YJL202C	8	3	5	9
YJL009W	78	73	28	78
YJR005W	2575	2306	1191	1821
YJL006C	742	758	366	568
YJR150C	159	200	365	478
YJR098C	647	555	246	414
YJL103C	1571	1512	239	441
YJL156C	4350	4077	1503	1915
YJL185C	905	751	286	447
YJL135W	0	2	1	2
YJR138W	1998	1482	881	1450
YJL108C	173	200	140	129
YJR037W	16	11	0	6
YJR079W	96	95	7	42
YJR049C	1686	1490	808	1257
YJR008W	3016	2576	641	790
YJR023C	5	6	1	10
YJR002W	1094	991	2015	2028
YJR145C	32736	27526	54726	67069
YJR048W	695	554	648	544
YJR009C	143579	112740	330769	210449
YJL222W-A	0	0	0	0
YJL173C	610	615	450	562
YJR014W	1406	1355	1360	1456
YJR135W-A	994	869	454	931
YJR045C	17071	9171	7799	15241
YJL176C	1255	1036	618	857
YJL193W	968	949	541	1001
YJR128W	14	22	22	32
YJL159W	11985	8284	3172	6143
YJL030W	386	297	219	251
YJL047C	1029	1040	609	719
YJL194W	420	377	217	375
YJL195C	0	3	0	1
YJR108W	181	165	69	110
YJL199C	168	159	152	166
YJL216C	260	229	283	232
YJL011C	313	297	284	379
YJR060W	612	528	520	536
YJR119C	705	725	390	693
YJR092W	1405	881	624	982
YJL051W	3777	3013	741	1057
YJR071W	15	30	3	19
YJR115W	395	382	107	185
YJL010C	971	840	1788	1886
YJL084C	1108	930	317	611
YJR030C	1098	851	846	1126
YJL119C	4	5	5	8
YJL221C	0	1	0	0
YJR140C	1851	1649	1461	2030
YJR161C	1774	1504	836	775
YJL136C	6703	6057	17229	12907
tR(ACG)J	28	18	4	13
YJL146W	1007	880	428	680
YJL060W	4500	3605	2858	3165
tW(CCA)J	1	0	0	0
YJL117W	2964	2540	1575	2493
YJL149W	1134	899	311	551
YJR063W	965	855	952	1516
YJL067W	78	81	19	28
YJL164C	4391	3444	1170	1671
YJL223C	0	0	0	1
YJL079C	1676	981	262	966
snR3	6001	4975	3100	6565
YJL156W-A	295	226	82	190
YJL106W	598	574	146	277
YJL171C	20118	17663	13288	14163
YJL058C	394	389	184	358
tL(UAG)J	0	0	0	6
YJL132W	2245	1886	544	764
YJL172W	8969	7639	5790	8989
YJR114W	18	19	2	10
YJL093C	3100	2732	1443	2024
YJL163C	2172	1809	395	616
YJR153W	607	548	189	302
YJL179W	504	453	312	439
YJR080C	1848	1770	615	859
YJL037W	102	86	23	43
YJL104W	941	799	695	879
YJL050W	1749	1626	3675	4905
YJL002C	15949	14379	11303	15529
YJR084W	904	755	625	620
YJL220W	5	5	1	0
YJR034W	700	608	545	561
YJR019C	870	798	319	532
YJR093C	478	294	133	239
YJL201W	1606	1435	627	1079
YJL161W	911	824	164	307
YJR021C	321	177	118	160
YJL070C	1271	1095	366	562
snR128	1419	1084	1840	2939
YJL029C	2447	2240	1220	1867
YJR010W	1927	1621	583	831
YJR151W-A	17	15	4	4
tD(GUC)J3	1	1	0	5
YJR144W	1488	1343	973	1303
YJL073W	661	644	247	592
YJL022W	4	1	0	0
YJR038C	46	32	2	11
snR37	263783	280941	40966	157198
YJR094W-A	8707	8073	5300	12109
YJL052W	346006	307253	330660	281729
YJR139C	28219	25535	20048	26015
YJR158W	0	4	0	0
YJL089W	129	109	18	37
YJL077W-B	89	71	51	83
YJL016W	4110	3361	981	1729
YJL127W-A	115	109	27	63
YJR007W	6550	5770	4468	6631
tA(AGC)J	0	0	0	0
YJR096W	5591	5306	1132	1264
YJL032W	9	9	1	3
YJR065C	12372	9945	4324	7679
YJL019W	712	542	412	631
YJR082C	662	644	405	555
YJL181W	1197	1011	557	840
YJR095W	148	106	24	32
YJR086W	720	609	201	422
YJL077C	170	150	165	125
tR(UCU)J2	0	0	0	0
YJR006W	1384	1253	604	924
YJR072C	1248	1238	1423	1464
YJL118W	148	146	152	205
YJL184W	368	309	200	386
YJR133W	1931	1771	1210	1433
YJR025C	3587	2930	4096	3852
YJR018W	3	2	2	7
YJL095W	1388	1113	1030	1406
YJR147W	364	316	323	550
YJL043W	116	82	74	55
YJL107C	125	151	75	71
YJL012C	4997	4418	3551	4720
YJR121W	13591	9389	3823	7975
YJL145W	1394	1357	1438	1791
YJL153C	607	493	114	211
YJL088W	50	41	34	48
YJR064W	5785	5229	6582	7434
YJL137C	920	826	365	488
YJL074C	1047	997	1190	1491
YJL111W	1232	991	810	1680
YJL158C	1144	560	690	2287
YJR016C	26057	21587	33318	34745
YJR099W	620	628	584	587
YJL208C	672	659	353	717
YJL048C	2655	2391	719	1070
YJL197W	1977	1579	1648	2213
YJR074W	599	499	736	574
YJL127C-B	580	549	263	535
tD(GUC)J4	3	1	0	3
YJL020W-A	0	0	0	0
YJL078C	1236	902	768	1067
YJL165C	2303	1725	879	1374
YJR117W	2934	2393	859	1748
YJR057W	613	536	385	696
YJR160C	145	114	81	49
YJL134W	2161	1687	1442	2034
YJL219W	149	109	59	76
YJL081C	2526	2270	1898	2200
YJL054W	2201	1838	1186	1540
YJR137C	6663	6065	3128	4919
tK(CUU)J	0	0	0	0
YJL038C	115	126	29	66
YJR056C	718	621	351	494
YJL072C	407	345	147	292
YJR152W	524	423	216	307
YJL142C	66	126	4	12
YJL192C	6126	5477	4150	6370
YJR001W	9577	8085	4701	7196
YJR110W	1725	1487	885	1025
YJL190C	17324	14115	38685	45992
YJL182C	4	4	2	2
YJL099W	1303	1138	570	756
YJL090C	697	692	286	401
YJL055W	2987	2263	1326	2136
YJL085W	1182	1131	630	958
YJR109C	3783	2932	3175	4046
YJL167W	12214	10644	9833	10670
tM(CAU)J3	2	0	0	0
YJL127C	693	503	391	557
YJR004C	1630	1740	144	371
YJL036W	1333	1251	639	681
YJL150W	15	32	0	3
YJL168C	916	791	611	872
YJR036C	483	325	130	230
YJL162C	550	484	340	441
YJR106W	1174	1021	390	782
YJR043C	355	264	228	336
YJR066W	6886	5639	3065	4990
YJL001W	6397	5704	2864	4356
YJR061W	1906	1698	911	1147
YJL212C	4136	3758	7296	8353
YJL024C	605	532	241	436
YJR125C	3031	2679	1327	1582
YJR051W	2190	2022	1423	1926
YJR112W-A	943	732	485	660
YJR050W	582	560	378	444
YJR011C	477	475	110	290
YJR136C	644	618	330	586
YJL200C	1499	1422	1638	2493
YJL188C	563	635	218	768
YJL170C	1384	1314	349	632
YJL129C	3021	2403	2154	2565
YJR112W	389	367	394	390
YJR103W	7758	7105	4135	4015
YJL044C	1843	1574	1198	1410
YJL157C	11228	10867	6386	8698
YJR142W	1045	892	514	767
YJL034W	29720	25390	15757	19311
YJL183W	3992	3376	2966	4805
YJR031C	2797	2379	1882	2817
YJL066C	1036	958	372	398
YJR077C	6373	5335	2065	3932
YJL064W	0	1	0	0
YJL136W-A	9	15	3	4
YJR010C-A	631	486	315	693
YJR033C	3479	2912	1271	1955
YJL068C	4570	3850	2232	3123
YJL112W	1551	1337	908	1111
YJL039C	10173	8890	6078	8856
YJL180C	1031	884	540	813
YJL147C	471	403	213	310
YJR116W	384	306	382	347
YJL025W	733	712	390	652
YJR062C	1784	1502	733	1261
YJR090C	4087	3674	1358	2512
YJR035W	486	387	213	349
YJL174W	7461	6653	2062	4243
YJL203W	113	98	81	128
YJL014W	5529	4867	4115	6039
YJL027C	20	29	6	14
YJR157W	0	4	0	8
YJR149W	584	488	137	366
YJR154W	228	175	63	114
YJR075W	4473	4159	3096	4185
YJR052W	799	755	473	464
IRT1	305	339	284	467
YJL026C-A	0	0	0	0
tE(UUC)J	0	4	0	5
YJR126C	4351	3718	2293	3455
tL(UAA)J	5	6	4	10
tG(GCC)J1	0	4	0	0
YJL005W	12502	10559	5325	7381
YJL206C	814	769	299	464
YJL100W	738	734	496	456
tT(AGU)J	0	0	0	0
YJL047C-A	84	64	38	56
tD(GUC)J2	4	1	2	1
YJL222W-B	0	0	0	0
YJR076C	1870	1718	1094	1473
YJL217W	3496	3183	2070	2929
YJR059W	3759	3191	1174	1561
YJR124C	1792	1708	1731	2692
YJL143W	1157	984	479	998
YJL059W	620	514	287	370
YJR078W	280	218	190	232
tM(CAU)J2	0	0	0	0
YJL207C	5399	4645	2859	4165
YJL144W	397	382	24	103
YJL125C	1060	995	574	926
YJL198W	1291	1084	1747	2416
tD(GUC)J1	3	6	2	4
YJL122W	811	611	839	1133
YJL007C	15	24	9	17
YJL225C	263	215	63	90
YJL211C	51	38	15	32
YJR073C	6945	6775	3991	3761
YJR143C	15100	13330	11296	17087
YJL131C	311	259	128	202
YJL177W	10947	9606	12569	17155
YJR032W	1304	1054	904	990
YJR151C	161	124	76	118
YJR024C	1831	1652	2414	2446
YJL140W	1356	1221	632	995
YJR068W	2196	1989	1151	1765
YJR017C	404	351	273	377
YJR058C	549	399	204	457
YJR101W	2924	2640	1590	2372
YJL026W	19459	16235	14963	14136
YJL096W	1627	1276	553	1047
tM(CAU)J1	0	0	0	1
tR(CCU)J	1	1	0	0
YJR156C	80	94	45	99
YJL063C	898	784	450	791
YJR159W	9	8	8	8
YJR094C	8	26	6	20
tG(GCC)J2	11	10	5	15
YJL028W	1	0	4	3
YJL101C	3968	3807	1951	2590
YJL056C	434	370	172	255
tY(GUA)J1	17	10	7	23
YJR041C	1591	1562	1415	2382
YJL080C	7888	4875	6260	10581
YJR091C	3583	2673	787	1983
YJR013W	1651	1518	793	1562
YJL222W	59	87	92	85
YJL121C	6212	5423	5686	6728
YJL138C	17127	14690	11604	23260
YJR047C	1397	1007	6919	3762
YJL151C	3816	3168	1208	2607
YJL057C	3753	3280	907	1509
YJL218W	133	136	62	132
YJR087W	8	7	3	2
YJL130C	47811	37867	39503	58882
snR190	7147	6191	6982	12188
YJL069C	583	516	613	1065
YJL045W	356	299	192	121
YJL091C	3223	3025	1231	2287
YJL033W	966	860	1522	2256
YJR122W	1413	1125	528	983
YJL041W	2374	2113	1357	2220
tR(UCU)J1	0	0	0	0
YJL065C	117	138	90	132
YJR148W	6179	5499	8282	9341
YJL123C	412	360	288	551
YJL046W	870	815	481	697
YJR123W	27404	23081	67385	59333
YJR118C	2043	2305	1652	1352
YJL071W	1209	1078	443	755
YJR015W	4657	4349	2694	4765
YJR102C	965	771	329	547
YJL004C	1414	1349	696	1075
YJL155C	1965	1676	473	769
YJL154C	4908	4045	2669	3333
YJR107W	880	793	377	722
YJL035C	516	490	236	468
YJR089W	1306	1073	669	1044
YJL042W	4760	3401	2394	3560
YJL169W	13	27	1	22
YJL115W	81	79	59	85
YJR003C	1353	1324	782	1162
YJL116C	1389	1050	403	670
YJL053W	1890	1510	1040	1102
YJL124C	1686	1401	965	1647
YJR104C	29579	27844	33322	19315
YJL105W	211	230	99	258
YJL215C	69	52	44	44
YJR070C	1612	1650	4851	3822
YJR097W	105	88	164	219
YJL126W	649	529	234	483
YJL214W	233	187	120	205
YJL166W	6078	5875	984	2324
YJL023C	432	345	132	219
YJL094C	4078	3181	956	2005
YJR054W	1038	963	534	920
YJR141W	324	318	264	377
YJL191W	4495	3777	4028	4771
YJR135C	280	168	127	226
YJL049W	287	284	104	146
YJR155W	484	411	91	209
YJL109C	6612	5953	8640	14296
YJL013C	857	776	395	533
YJL141C	3075	2461	592	1357
YJL133C-A	431	302	54	119
YJL178C	3083	2890	1836	3038
YJR022W	0	0	0	0
YJL062W	3099	2463	1487	2777
YJL197C-A	0	0	0	0
YJL082W	6158	5133	2033	2406
YJL120W	29	16	16	36
YJL098W	1231	1101	1795	2160
YJL152W	119	95	15	39
YJR162C	0	0	0	0
YJL196C	8776	7710	6674	12752
YJL003W	706	566	259	451
YJL015C	33	53	3	23
YJL075C	8	9	2	11
YJR020W	10	10	2	5
YJL205C	630	487	256	465
YJR113C	1335	1200	1250	1152
YJR111C	511	529	329	417
YJR055W	111	111	109	133
tY(GUA)J2	4	3	0	4
YJL148W	288	219	244	485
tS(AGA)J	10	7	0	18
YJL097W	2210	2354	1087	2654
YJL031C	614	600	293	401
YJR132W	4796	4228	4244	5542
YJL092W	2927	2497	1530	2205
YJL083W	783	597	463	478
YJL175W	0	0	0	1
YJL225W-A	0	0	0	0
snR60	61	34	7	36
YJL102W	807	632	194	295
YJL077W-A	0	0	0	0
YJL052C-A	2	1	0	2
YJR083C	551	411	233	283
YJL128C	1372	1150	622	952
YJR005C-A	4	3	2	0
YJR042W	1664	1648	1113	1664
YJL209W	1151	963	584	770
YJL087C	1246	1061	852	1145
YJR127C	3998	2464	1087	1983
YJL210W	1634	1493	619	1088
YJR134C	1020	790	681	740
YJL076W	4429	3597	2485	3569
YJR027W	1177	626	370	1613
YJL113W	281	327	80	212
YJR026W	0	0	0	0
YJR028W	0	0	0	0
YJL114W	61	51	8	28
YJR029W	68	50	20	142
YKL103C	9501	8496	4548	4220
tL(UAA)K	0	0	0	0
YKL131W	49	30	0	14
tV(AAC)K1	1	3	1	1
tT(CGU)K	1	4	1	0
snR69	181	133	58	147
YKR004C	406	319	165	286
YKR092C	717	615	1407	1327
YKL002W	1176	905	977	929
tA(AGC)K1	0	0	0	0
YKL173W	1618	1300	1221	1513
YKL061W	276	277	127	243
YKL139W	821	711	363	637
YKL180W	15876	13666	30617	29998
YKL004W	5125	4297	3176	5515
YKL143W	380	297	718	909
YKL062W	4980	4314	1737	3128
YKL172W	303	213	788	759
YKR014C	2122	1754	954	1138
YKL149C	459	466	255	342
YKR099W	636	434	781	928
YKL110C	1356	1277	932	1365
YKL094W	4341	3869	2882	2833
YKR094C	6919	7143	15438	14402
YKR058W	2764	2060	586	1054
YKL183C-A	49	63	9	32
YKR052C	827	816	520	575
YKL157W	16037	14004	9897	13363
YKL068W-A	1705	1361	893	1174
YKR062W	1121	866	704	880
YKL091C	3049	2566	616	990
YKR073C	25	35	5	37
YKR087C	1603	1427	876	1090
YKL070W	1366	1152	550	854
YKR038C	2223	2005	1024	1735
YKR048C	4392	3765	4216	3265
YKL096W-A	32875	27920	66468	39529
YKL014C	3791	3644	4070	6445
YKR082W	3491	3449	2295	3062
YKR045C	220	127	95	142
YKL018C-A	25	26	10	6
YKL126W	7643	6582	3809	5120
YKR072C	622	500	379	452
YKR075W-A	0	0	0	0
YKL074C	843	792	590	902
YKL087C	711	645	192	419
YKL018W	1318	1211	740	1128
YKL135C	3160	2737	1176	1767
YKL112W	1404	1246	785	1079
YKR085C	1513	1438	835	1415
YKR102W	739	514	90	198
YKL217W	1843	1552	370	643
YKR044W	1132	1147	996	1418
YKR080W	3344	3246	3193	4164
YKL065W-A	187	158	7	47
YKL156C-A	0	0	0	0
YKR068C	1660	1417	786	1554
YKR027W	1419	1207	775	1132
YKL081W	31073	24466	40205	38010
YKR022C	702	714	524	565
YKL083W	0	1	0	2
YKL198C	273	174	113	215
YKR007W	267	248	182	170
YKR078W	489	452	279	381
YKR001C	7998	7217	4788	6682
YKR025W	272	259	229	299
YKL124W	1419	1274	378	561
YKR095W	3263	2562	2421	3565
YKL129C	2227	1755	900	1344
YKL100C	7577	6676	3194	4136
YKL041W	105	92	27	80
YKL221W	110	124	14	27
YKL031W	75	48	15	26
YKR074W	1480	1448	497	1068
YKL138C	909	736	374	718
YKL063C	691	642	302	499
tK(UUU)K	53	16	6	42
YKL024C	1563	1457	1363	2047
YKL086W	77	41	10	12
YKL073W	2732	2218	3148	3332
YKR006C	2400	2394	1783	2047
YKL034W	3254	2663	1496	2165
YKL118W	8	4	1	4
YKL104C	13685	10638	5262	8178
YKL191W	3148	2699	3911	4440
YKR042W	5613	4364	3434	5021
YKR013W	3505	3048	3142	3819
YKR101W	430	370	238	303
YKL039W	11328	9802	4113	5489
YKL214C	812	682	587	759
YKL155C	621	451	282	426
YKL116C	2029	1712	1078	1491
YKR089C	5118	4237	1700	2543
YKR018C	7436	6149	4148	5237
YKR079C	1578	1396	1557	1896
YKL153W	8799	8065	2740	8694
YKL027W	808	754	635	826
YKL100W-A	0	0	0	0
YKL035W	100865	87286	25114	32424
YKL084W	275	200	83	236
YKL207W	4039	3332	3573	4808
YKR066C	19480	15789	7339	7393
YKL117W	3772	3092	1338	2095
YKL140W	3865	3574	1755	2383
YKL007W	3992	3717	2095	2790
YKL051W	1345	1113	528	1025
YKL022C	1526	1350	869	1193
YKL021C	982	909	942	1395
YKL148C	11149	8748	2483	2737
YKL038W	5328	4244	1824	2267
YKL125W	1693	1499	722	1179
YKL048C	795	613	445	659
YKL053W	14	15	2	7
YKR093W	11153	10875	11666	13569
YKL201C	1341	1117	469	907
YKL123W	2	11	0	0
YKL224C	0	0	0	0
YKL077W	7067	6581	5269	6890
YKR103W	891	650	368	637
YKR104W	276	184	173	212
YKR024C	906	738	1222	1743
YKR056W	1040	932	1613	1783
YKL203C	3073	2008	1749	3044
YKR054C	2872	1930	2607	4614
YKR057W	5883	4869	10343	9783
YKL133C	488	401	130	252
tH(GUG)K	9	2	0	11
YKL122C	600	514	261	573
YKR100C	2309	1755	906	1253
YKR083C	213	231	134	222
YKL225W	0	0	0	0
YKL189W	1100	1101	321	625
YKL113C	659	479	671	888
tV(AAC)K2	2	3	2	3
YKL213C	2413	1923	1179	1631
YKL154W	1112	937	956	1097
YKR063C	809	779	760	995
YKL163W	2100	1590	96	173
YKL174C	3247	2976	1902	2492
YKL134C	808	641	386	562
YKR011C	1295	1168	384	574
YKL005C	1231	1078	559	706
YKL069W	584	631	624	854
YKL006W	16213	14671	32889	36538
YKL187C	1146	1035	307	460
YKL111C	5	6	0	14
YKR035W-A	0	0	0	0
YKL182W	94581	80877	170335	166082
YKL099C	639	692	1193	1021
YKL179C	1677	1576	1154	1739
YKL047W	1288	1142	939	1234
YKL049C	364	286	347	332
YKL220C	625	578	191	313
YKL183W	870	836	877	976
YKL181W	5818	5120	6373	8425
YKL088W	435	381	286	407
YKL209C	12243	11870	10054	14312
tL(CAA)K	0	0	0	3
YKR019C	669	422	350	480
YKR012C	55	48	16	23
YKL166C	513	510	589	659
YKL016C	11973	10407	3060	4529
YKR086W	1306	1079	727	1115
tR(ACG)K	0	9	1	1
YKL141W	15956	14543	4939	6440
YKL065C	9646	8214	3634	4322
YKL013C	2458	2250	1639	1810
YKL040C	851	744	602	720
YKR061W	2158	1982	1429	1550
YKL096W	3223	3177	1981	3204
YKR050W	2233	1942	1184	1466
YKL170W	67	63	26	50
YKR046C	6236	5773	3772	3836
YKL210W	25399	22347	19070	21176
YKR002W	1919	1548	740	1107
YKL015W	2163	1898	1151	1505
snR87	106	98	47	121
YKL009W	1510	1476	2178	3147
YKL108W	309	285	197	263
YKR097W	455	401	106	190
YKL071W	1116	965	562	720
YKL075C	538	402	258	285
YKL206C	1014	839	376	743
tD(GUC)K	2	0	0	1
YKL195W	3094	2561	1653	1899
YKL130C	1173	1182	532	950
YKL064W	4551	3865	2118	3013
YKR026C	1626	1454	1512	1839
YKL076C	86	97	11	49
YKL188C	524	500	218	209
YKL196C	2578	2461	1519	2442
snR42	42839	48657	11133	24112
YKR105C	144	130	42	110
YKL109W	5657	4193	2826	3181
YKR071C	3022	2598	1607	2082
YKL168C	1092	906	349	662
YKL102C	16	38	13	5
YKR090W	1349	1132	565	873
YKR036C	571	567	488	770
YKL202W	5	10	1	9
YKR084C	2280	2029	1884	2172
YKL216W	16912	15149	12062	19114
YKR055W	765	697	381	569
YKL219W	2516	2186	1799	1848
YKL020C	2816	1993	966	1509
YKL178C	95	95	132	159
YKL067W	9559	8523	3605	5294
YKL097C	18	20	33	15
YKL095W	393	297	202	243
YKR031C	2843	2539	1700	2444
YKL036C	87	71	6	19
YKR088C	1920	1620	1052	1809
YKL151C	4674	4188	950	1599
YKL105C	1002	828	266	432
YKL169C	9	4	5	4
YKL150W	10818	9713	1680	3415
YKL023C-A	466	369	341	567
YKL138C-A	226	234	69	225
YKL082C	83	46	86	139
YKR070W	1949	1789	2062	2019
YKR021W	1185	1104	464	814
YKR016W	2343	2094	817	910
YKR033C	0	0	0	0
YKR059W	25650	21806	16313	33688
YKR069W	709	694	230	458
YKR053C	501	528	365	602
YKL218C	380	382	182	291
YKL167C	719	664	199	474
tE(UUC)K	2	4	0	15
YKL142W	7265	6768	1973	2222
YKL011C	510	400	362	435
YKL160W	771	608	509	581
YKL144C	806	815	569	848
YKL055C	567	499	402	579
YKR043C	1901	1638	1599	2280
YKR039W	672	707	140	230
YKL019W	2235	1729	1400	2086
YKL184W	3037	2757	1632	2401
YKR029C	1210	1138	616	729
YKL176C	7767	7062	5088	6527
YKL033W-A	4657	4281	2955	5013
YKL090W	610	633	273	446
YKR041W	17	9	19	13
YKL010C	4503	3636	1745	2602
YKL032C	326	234	115	262
YKR051W	2801	2543	909	1452
YKR098C	1573	1433	657	685
YKL175W	5738	5287	3213	5024
YKL120W	1268	1161	1085	1505
YKL222C	1152	1097	301	514
YKL092C	1322	1221	665	966
YKL068W	2369	1747	1582	2395
YKR009C	817	715	258	368
tA(AGC)K2	1	0	0	0
YKR028W	4771	3600	2906	3615
YKR076W	1639	1361	464	600
YKR106W	395	315	137	257
YKL197C	958	800	621	995
YKL152C	76047	61717	67799	83480
YKL093W	3109	2789	457	726
YKL080W	23870	19384	19162	21957
YKL185W	535	317	197	411
YKR081C	948	883	1362	1932
YKR035C	1	1	1	1
YKL101W	2821	2301	1346	2307
YKR008W	972	787	342	616
tW(CCA)K	19	12	2	2
YKL056C	46460	40521	39818	57051
YKL156W	1367	1293	2358	2616
YKL162C	546	429	78	166
YKL192C	1902	1744	856	1497
YKR064W	1313	1276	727	890
YKL017C	909	789	378	573
YKL204W	378	282	122	169
YKL190W	1706	1507	1215	1570
YKL211C	3166	2929	2761	3578
YKL115C	79	67	10	45
YKL107W	226	203	72	102
YKL127W	4593	3565	5173	6008
YKL165C-A	31	26	10	30
YKR049C	1677	1643	822	825
YKL052C	486	413	305	336
YKL053C-A	1506	1203	697	1021
YKL121W	1679	1455	485	727
tN(GUU)K	15	4	0	9
YKL050C	298	185	130	189
YKL194C	1934	1667	1016	1255
YKR037C	849	803	390	740
YKL059C	1009	777	698	722
YKL205W	2867	2886	1966	2824
YKL137W	871	854	427	594
YKR015C	143	73	10	62
YKL146W	4618	4085	1772	2426
YKR003W	2965	2731	2229	2136
YKL028W	1030	811	728	716
YKR010C	619	486	317	444
YKL193C	1834	1741	442	799
tK(CUU)K	11	12	0	10
YKL212W	7068	6546	6304	7236
YKL147C	23	17	0	2
YKL054C	2297	1855	1487	1561
snR38	125	135	15	69
YKR096W	2214	1799	686	1155
YKL006C-A	1102	1017	519	820
YKL164C	8301	7282	6736	10795
YKL145W-A	0	0	0	0
YKL026C	1641	1519	242	437
YKL044W	27	31	0	15
YKL089W	242	258	134	261
YKR077W	172	125	24	112
YKR095W-A	275	253	101	251
YKL079W	1275	1122	776	1082
YKL161C	819	676	189	287
YKL159C	222	157	47	125
YKR030W	1769	1919	1035	1239
YKL037W	28	14	25	25
YKL042W	411	342	286	290
YKR020W	258	236	111	217
YKL012W	864	665	540	638
YKL106W	1897	1603	1238	2550
YKR075C	358	296	237	352
YKR065C	2491	2225	959	1939
YKL043W	631	379	241	366
YKL045W	993	896	747	1104
YKR060W	584	463	664	876
YKL085W	11957	9821	4644	5019
YKL165C	5088	4828	3776	6446
YKL003C	1117	917	346	846
YKL072W	559	480	362	612
YKL177W	3	2	1	3
YKL186C	1399	1288	535	1021
snR64	130	126	52	119
YKR032W	5	4	0	2
YKL132C	923	788	366	518
YKL223W	0	0	0	0
YKL078W	300	294	596	1004
YKL001C	631	704	270	592
YKR040C	1	3	1	2
YKL046C	975	735	586	853
YKR017C	1907	1761	564	957
YKL058W	1955	1597	1721	2083
YKL208W	450	422	258	334
YKR005C	259	252	111	186
YKR034W	6	6	2	0
YKL060C	472933	382146	802933	667068
YKL030W	36	20	11	35
YKL162C-A	25	24	2	19
YKR091W	320	253	59	73
YKL096C-B	3	2	0	0
YKL171W	1726	1528	798	1158
YKL025C	670	522	356	531
YKL023W	244	199	143	134
tR(UCU)K	26	10	8	16
YKL215C	1981	1603	1062	1469
YKL136W	47	58	0	14
YKL033W	1493	1424	957	1375
YKR023W	179	138	121	146
YKR067W	1784	1382	538	941
YKL098W	1070	946	596	769
YKL114C	726	688	388	864
YKL145W	4010	3422	1993	2854
YKL057C	6674	6360	2848	4636
YKL106C-A	14	12	2	3
YKL128C	3903	3864	2805	2883
YKL008C	6651	6347	6740	7576
YKL029C	2088	1631	1508	2989
YKR047W	242	213	53	302
YKL066W	2387	2317	624	1231
YKL119C	718	586	512	565
YEL041W	690	548	234	273
YER011W	539	342	2174	2176
YER158W-A	26	22	1	12
snR53	19	46	2	13
YER056C-A	5576	4816	6833	9819
YEL067C	134	96	90	85
YEL054C	4579	4082	4117	7671
YEL047C	10523	8203	6788	8377
YER146W	52	51	9	81
YER159C	174	152	49	106
YER084W	9	2	0	1
YER183C	816	726	614	935
YEL009C-A	7	7	0	5
YEL059C-A	97	81	8	58
YER172C	4233	3503	3042	4126
YER092W	521	553	257	524
YEL008C-A	0	0	0	0
YEL032W	3909	3428	2909	3607
YEL010W	2	5	0	6
YEL040W	3831	3136	3902	5064
YEL059W	31	33	4	8
YER105C	5212	4646	3771	5549
YEL053C	1792	1568	1318	1937
YEL046C	9355	8213	10097	7528
YER137C	30	21	2	19
YER013W	979	815	632	949
YER147C-A	264	210	87	270
YEL036C	1038	873	989	988
YER094C	5634	4951	2801	3489
YER038C	529	512	184	303
YEL034W	0	0	0	0
YER144C	1577	1312	479	890
YER069W	1844	1660	1126	1588
YEL066W	489	473	310	563
YER161C	331	278	225	278
YER131W	8102	7200	12518	12894
YER027C	1510	1281	1093	1137
tH(GUG)E2	20	32	8	13
YER088C-A	33	34	94	64
YER002W	321	241	255	426
YEL062W	726	591	219	364
YEL074W	12	11	1	9
YER142C	633	529	220	217
YER035W	3816	3138	844	1272
YER145C	2095	1925	2386	2332
YER176W	958	805	822	1122
YER071C	577	558	268	475
YER150W	17509	15702	1145	3160
YER177W	37960	32796	27739	34722
YER123W	1886	1534	950	1247
YEL018W	112	64	64	121
YER116C	341	259	247	350
YER043C	17707	15320	18981	21850
YEL004W	972	898	413	692
YER141W	8059	6548	3006	4801
YER170W	528	535	181	333
YER047C	307	216	180	241
YER132C	2992	2360	1608	2411
YEL068C	312	296	81	233
YER080W	4325	3714	1963	2654
YER052C	2475	2054	2596	3486
YER070W	8259	7022	8917	17363
YEL007W	1175	718	224	524
tE(UUC)E2	15	9	22	27
YER068C-A	9	7	0	3
YER115C	208	145	352	253
tS(AGA)E	3	1	0	1
YER076C	369	293	191	315
YEL021W	0	0	0	0
YEL026W	1346	1141	847	1699
YER040W	667	484	248	439
YEL016C	1066	927	642	1008
YER012W	3722	3181	1502	2308
YER190W	271	209	33	24
YER185W	187	171	49	62
YER189W	66	54	18	9
YEL060C	14670	12085	2963	3703
YEL052W	3872	3170	1568	2483
YER149C	466	406	294	366
YER111C	1367	1088	393	621
YER081W	1282	1066	1062	1349
YER010C	2052	1823	929	1567
YER018C	464	310	339	320
YEL076C	13	13	19	21
YEL018C-A	0	1	0	0
YER072W	2502	2288	1994	2492
YER093C	1296	1099	750	1242
YER178W	30723	25341	15956	23476
YER030W	614	462	695	563
YER128W	165	130	75	140
YER003C	5716	4415	4828	6468
YER163C	1470	1228	926	1191
YEL005C	430	374	180	224
YER173W	488	516	239	426
YEL065W	945	835	363	827
YEL055C	3021	2912	4005	5226
YER029C	246	259	116	193
YER089C	2017	1695	2114	2201
YER179W	62	86	51	90
YEL011W	26726	21953	5815	9399
YER166W	7766	6398	6986	7220
YER061C	994	988	831	1489
YER082C	881	889	1226	1653
YER118C	1193	958	714	1183
YER152C	1229	1002	1272	1217
YER107C	1531	1374	660	1365
YER020W	1669	1534	803	913
YER125W	15226	11007	7417	10044
YER122C	4210	3803	3207	3720
YER038W-A	1	0	0	0
YER057C	3876	3049	1899	3275
YEL033W	126	113	23	103
YER006W	1648	1498	2779	3173
YER007W	324	242	149	247
YER078W-A	16	11	2	1
tA(UGC)E	6	2	0	7
YEL002C	16586	14468	9821	14655
YEL064C	1278	1077	639	1038
YER103W	16864	15159	1448	1865
YER007C-A	1671	1659	1266	2058
snR80	462	857	47	215
YER093C-A	381	376	216	338
YER120W	1742	1404	1372	1714
YER033C	690	566	152	312
YER054C	1256	1103	219	338
tV(AAC)E2	3	0	0	4
YER164W	1748	1217	1028	1516
YER139C	486	480	304	445
snR52	399	334	131	353
YEL042W	6049	5011	5381	7013
YER190C-A	0	0	0	0
tS(UGA)E	10	6	8	24
YER008C	3673	2982	1530	2571
YER114C	1497	1248	797	1337
YER034W	227	179	146	147
YEL008W	9	15	16	13
YER014W	1157	873	377	557
YER143W	1671	1530	519	890
YER053C-A	707	749	59	126
YER028C	237	181	108	201
YER048C	2121	1771	1501	1788
YER044C	4642	3940	1635	2943
YEL039C	1702	1486	119	329
YER053C	6871	5810	1485	2016
tQ(UUG)E1	0	0	0	2
YEL034C-A	7	6	0	7
YER155C	8486	6401	5536	9583
snR4	15204	14499	4071	15757
YER050C	1497	1252	614	861
YER031C	1532	1417	1178	1344
YER037W	2752	2812	297	531
YEL049W	93	59	34	78
tQ(UUG)E2	0	2	0	0
YEL006W	2308	1972	1332	1993
YER100W	1403	1282	862	1156
YER181C	46	40	53	47
YER015W	1104	952	623	925
YER129W	3740	3149	1975	2490
YER172C-A	0	0	0	0
tR(UCU)E	0	2	0	1
YEL072W	330	235	92	153
YEL075C	7	4	2	5
YER048W-A	1754	1489	850	1762
YER051W	945	843	401	629
YER171W	1538	1442	1629	1579
YER078C	1827	1464	715	1026
YER169W	1301	1063	728	987
YEL003W	628	622	514	715
YEL077W-A	0	0	0	0
YEL017C-A	4111	3551	1469	3530
YER133W	10127	8823	3475	5964
YER152W-A	1	0	0	0
YER060W	1446	1201	712	1238
YER186C	1142	1023	1101	1142
YER188W	322	264	118	56
YEL045C	11	17	4	11
YER022W	1685	1470	927	1151
YER148W-A	2	8	0	4
YER157W	1793	1625	1512	1846
YER014C-A	0	0	0	0
YEL076C-A	16	22	1	15
YEL038W	2069	1885	1868	1765
YER066W	583	442	278	338
YER098W	1865	1597	611	797
YEL035C	49	65	18	28
RPR1	175062	163286	50518	102097
YER063W	874	687	622	823
YER127W	332	304	300	452
YER154W	743	640	335	701
YER032W	550	450	172	442
YER180C-A	102	78	87	64
YEL071W	9249	7331	8728	12422
tK(CUU)E2	2	3	0	0
YEL057C	50	82	25	62
YEL069C	226	173	83	119
YEL043W	842	588	298	645
YER096W	371	310	30	63
YER017C	3751	3305	1732	2311
YEL019C	58	80	52	109
YER009W	9578	8443	9520	9825
YER104W	350	316	188	278
YER067W	0	0	0	0
SCR1	4932830	4149139	2517163	2778847
YER044C-A	146	125	40	99
YER101C	535	426	208	323
YER121W	190	197	40	77
YER019C-A	2973	2835	1913	3361
tE(UUC)E1	7	1	1	11
YEL050C	1920	1550	1021	1363
YER062C	6653	5661	5741	5971
YER006C-A	3	2	0	2
YER016W	640	587	564	659
YEL025C	5745	4939	2480	3670
YER024W	1074	1002	555	701
YER023W	5279	4318	3786	6163
YER079W	423	348	76	170
YER136W	9174	7987	3083	5221
YER151C	1146	708	517	852
YEL029C	824	794	608	1095
YER065C	1859	1642	1144	1224
YEL050W-A	90	77	32	66
YER085C	1	0	0	0
YER147C	948	870	700	817
YER064C	2842	2536	1212	1631
YER119C	3684	3204	1169	1809
YEL020C-B	0	0	0	0
YER068W	1468	1203	481	830
YER158C	658	401	159	406
YER138W-A	535	795	193	266
YER130C	3118	2810	1243	1707
YEL015W	1559	1443	911	1305
tK(CUU)E1	122	90	32	69
YER153C	361	292	219	260
YER137W-A	0	0	0	1
YER113C	2959	2546	1466	2278
YEL030W	521	460	250	268
YER083C	2510	2034	991	1935
YER167W	3170	2893	1507	2225
YEL032C-A	0	0	0	0
YEL073C	311	247	46	132
tV(AAC)E1	1	0	0	2
YER005W	2553	2111	1729	2558
YER102W	8741	8042	10462	18938
YER046W	313	324	106	183
YER023C-A	0	0	0	0
YEL031W	28882	26149	24564	32743
YER075C	847	827	591	985
YER073W	3256	2971	2692	3632
YEL027W	27536	22922	18155	30051
YEL024W	8400	7630	1559	2307
YER049W	2735	2431	3843	4792
YER175W-A	64	65	4	24
YEL037C	1315	1146	863	920
YER134C	583	480	185	371
YER088C	1341	701	489	1021
YER175C	823	651	303	431
tG(GCC)E	1	1	2	2
YER021W	10624	9286	4236	5588
YER004W	5253	4418	1661	2701
YER087C-A	43	33	15	40
YEL017W	1369	1148	1355	1467
YER106W	19	12	8	8
YER066C-A	127	133	21	47
YER117W	14813	13243	18298	32478
YER145C-A	28	21	13	25
YER076W-A	57	65	17	49
YER187W	67	80	58	35
snR14	2712	2986	621	1267
YER046W-A	9	15	3	7
YER168C	1871	1593	808	1263
YER124C	7645	7064	11902	14137
SRG1	1291	1147	513	1276
YER095W	2027	1532	752	1262
YEL028W	338	278	128	316
YER045C	701	622	159	314
YER088W-B	0	0	0	0
YER086W	3772	2817	3175	4602
YER188C-A	0	0	1	0
YER148W	1027	942	677	1011
YEL022W	3906	3311	2282	3262
YEL001C	6811	6019	3235	6160
YER056C	5951	5234	9810	11907
YER087C-B	643	521	541	742
YEL013W	12803	10929	7134	8423
YER074W	11425	9441	26722	23518
tE(UUC)E3	0	0	0	0
YER133W-A	149	175	44	88
YER119C-A	12	15	3	3
YEL063C	5033	4133	2001	3279
YEL051W	7436	6631	6102	8698
YER190C-B	0	0	0	0
YEL061C	1321	1225	812	1130
YER059W	1085	858	486	723
YER091C-A	8	5	0	1
YER140W	863	797	546	945
YEL056W	1109	1000	768	1047
YER084W-A	0	0	0	0
YER036C	8848	7782	12473	16273
YEL009C	9883	7271	12376	10518
YER079C-A	2	1	0	1
YEL053W-A	5	2	1	12
tM(CAU)E	2	0	3	4
YEL030C-A	9	5	4	7
YEL014C	139	175	14	54
YER156C	1693	1472	3131	2919
YER162C	325	216	156	236
YER090W	2838	2262	2143	2880
YER074W-A	1886	1558	869	1393
YER041W	1006	1046	571	758
YER165C-A	194	110	70	196
YER097W	118	85	24	73
YER112W	754	749	228	554
YER090C-A	0	0	0	0
YER067C-A	5	3	0	1
snR67	622	738	262	393
tH(GUG)E1	54	50	7	9
YER174C	815	696	750	1019
YER107W-A	161	164	59	141
YER026C	9125	8479	3552	5660
YER099C	2300	1925	1364	1782
YEL048C	167	162	254	230
YEL070W	231	166	54	82
YER025W	7116	5886	7681	9419
YEL075W-A	10	7	3	6
YER126C	1041	945	1880	2141
tI(AAU)E1	1	1	0	2
YER182W	1326	1160	353	732
YER165W	12838	9417	9039	13826
YEL058W	6225	5629	7104	6161
YER060W-A	359	332	290	360
YER184C	1096	979	453	625
YEL012W	855	773	237	380
YEL020W-A	202	167	103	214
YER077C	661	563	562	632
YER039C	163	136	85	145
YER042W	1142	1139	398	792
YER019W	3044	2773	2357	2556
YER039C-A	96	94	39	73
YER058W	279	169	108	144
YER110C	21226	18626	28426	33781
YER135C	177	168	57	109
YEL023C	632	495	408	476
YEL077C	707	539	381	361
tI(AAU)E2	9	3	3	3
YER001W	4963	4659	2323	3520
YEL020C	1409	1296	497	827
YEL044W	613	518	422	508
YER180C	212	167	202	251
YER087W	1129	836	481	667
YER055C	4874	4373	4301	7565
tR(ACG)E	0	3	0	0
YER091C	33411	32531	23615	25290
YER138C	56	32	7	74
YER137C-A	0	0	0	0
YER159C-A	0	0	0	0
YER160C	199	96	22	148
YHR094C	164	156	431	943
YHL031C	257	212	83	180
YHL002W	1191	1097	717	755
YHR219C-A	0	0	0	0
YHR045W	2867	2494	2374	2857
YHR084W	1232	1116	658	1089
YHR126C	8	1	0	2
tS(AGA)H	4	2	2	0
YHR125W	6	1	6	4
YHR206W	1602	1311	848	1239
YHR097C	1607	1239	213	474
YHR005C-A	2147	1876	1117	2533
YHR193C-A	0	0	0	1
YHR007C	27210	23134	35242	37517
YHR214C-D	0	0	0	0
YHR212W-A	0	0	0	0
YHR184W	83	97	50	135
YHR132C	4680	4171	3105	3583
YHR182C-A	1	1	0	1
YHR025W	5414	4297	5626	5968
YHR055C	0	0	0	0
YHR073W	3837	3073	2224	3149
YHL015W-A	86	86	16	44
YHR064C	24078	20710	20799	25223
YHL041W	12	21	6	2
YHR143W	2667	2347	3445	6649
YHR052W-A	0	0	0	0
YHL047C	920	741	771	1183
YHR175W-A	257	333	22	93
YHR003C	1032	865	597	1046
YHL032C	3159	2673	1723	1777
YHR154W	1155	1086	889	1267
YHR031C	1097	838	910	1168
YHL042W	96	122	78	94
YHR022C-A	23	26	28	66
YHR180C-B	0	0	0	0
YHR106W	934	914	352	551
YHR186C	1659	1289	1041	1674
YHL029C	2414	1923	1081	1966
YHR048W	1028	852	1121	1190
YHR039C-A	4128	3552	6607	5106
YHR073W-A	0	0	0	0
YHR035W	378	314	176	296
YHR165C	5027	3570	2664	4511
YHL006C	176	150	145	164
YHL025W	1448	1186	1001	1073
YHR172W	1059	904	528	824
YHR002W	940	743	275	495
YHR016C	4798	4251	2135	1992
RUF5-2	10	10	1	5
YHR079C	2821	2412	1822	2466
YHR169W	586	523	1024	1083
YHR054C	59	46	18	44
YHR065C	1023	903	1243	1374
YHR088W	270	293	363	589
tH(GUG)H	0	2	0	0
YHR093W	176	147	157	100
YHL036W	2288	2141	570	1252
YHR100C	787	727	255	783
YHR105W	179	119	91	101
YHR056C	1018	819	471	739
YHR135C	764	608	313	684
YHR180W	190	181	89	106
YHR086W	4487	3943	1769	2547
YHR146W	2151	1752	1560	1900
YHR195W	2160	1699	941	1048
YHR119W	3237	2583	1345	1895
YHR033W	2008	1681	910	936
YHR024C	3604	3118	2003	3027
YHL043W	305	275	143	213
YHL039W	1839	1811	1715	2156
YHR059W	596	670	344	579
YHL048C-A	8	7	0	0
YHR026W	12357	10339	5097	11539
YHR160C	150	92	39	69
YHR085W	453	403	654	660
YHR113W	6080	4917	4095	4304
YHR175W	1903	1655	512	946
YHR148W	338	334	348	594
YHR208W	3598	3027	2574	4775
YHR001W	2537	2244	1124	1418
YHR131C	1972	1530	1168	1372
YHR049C-A	328	364	101	237
YHR086W-A	4	3	0	8
YHR141C	11051	9348	33240	22413
YHR170W	3043	2917	5892	6977
YHL021C	14241	12615	1986	3285
YHR078W	2571	2460	1210	2436
YHR007C-A	418	460	32	164
YHL044W	716	679	211	375
YHR214W-A	15	3	9	5
YHR161C	2586	2169	1009	1134
YHR074W	9177	8082	6357	7311
YHR164C	981	742	446	728
YHL006W-A	30	26	14	36
YHR204W	2531	2253	1591	2668
YHL002C-A	5	9	0	6
YHL030W-A	1	0	0	0
tF(GAA)H2	1	2	0	2
YHR163W	4065	3673	7354	5886
YHL046C	11	10	12	11
YHR056W-A	0	0	0	0
YHL004W	1410	966	438	967
YHL009C	295	297	201	305
YHR138C	2352	2232	280	625
YHR166C	692	622	418	498
YHR151C	2577	2216	1055	1721
YHL014C	669	599	314	611
YHR021C	17018	14514	17781	31449
YHR198C	2102	1887	533	1126
YHL034C	2076	1660	1095	1624
YHR124W	306	342	216	400
YHR011W	422	348	276	439
YHR096C	1678	1433	212	246
YHR185C	15	4	1	0
YHR190W	7418	6492	4221	4931
YHR075C	1275	1074	518	796
YHR117W	2025	1561	1042	1798
YHR109W	606	488	348	482
YHR207C	1133	891	957	1004
YHR132W-A	1072	862	541	915
YHR015W	64	70	43	46
YHL015W	26779	24009	52083	41146
YHR090C	587	535	312	333
YHR189W	723	607	300	413
YHR001W-A	3204	2781	162	888
YHR070C-A	55	52	41	104
YHR108W	3126	2695	1824	3161
YHR006W	1750	1404	717	1011
YHR147C	1643	1502	756	1477
YHR180W-A	0	0	0	0
YHR092C	63238	46679	49374	68350
YHR080C	4872	4244	1346	1723
YHL045W	17	29	2	14
YHR022C	119	105	89	172
YHL027W	3815	3246	1947	2385
YHL003C	6946	6014	3194	5350
YHR070W	436	323	801	565
YHR150W	911	745	506	678
YHR133C	4341	3782	2495	4653
YHR215W	133	123	142	169
YHL020C	1412	1271	1218	1016
YHR101C	941	909	467	689
YHR046C	877	707	468	882
YHR095W	1	3	5	2
YHR182W	351	306	210	338
YHR098C	12554	10863	6421	9928
YHR145C	0	2	0	12
YHR120W	727	590	660	885
YHL030W	10976	10016	4758	5446
tV(CAC)H	2	2	4	4
YHR051W	4359	4040	2166	2107
YHR130C	76	76	11	26
YHR149C	1899	1656	959	1593
YHR127W	451	462	381	584
YHR194W	1880	1584	933	975
YHR213W-A	0	0	0	0
YHR032C-A	36	11	6	39
YHR203C	23409	18928	27352	36494
YHR168W	456	321	225	287
YHR167W	403	338	408	445
YHR050W	6499	5413	2879	3718
YHR112C	1445	1200	870	1092
YHR027C	10542	8824	6621	7143
YHR214C-E	4	6	2	6
YHR214W	9	4	6	8
YHR188C	7043	5858	3333	4706
YHL023C	1888	1600	856	1233
YHR099W	10724	7646	7198	12723
YHR196W	1681	1592	1713	2265
YHR177W	279	186	123	189
YHR174W	292670	231062	693808	457472
YHR199C-A	145	125	54	146
YHR034C	553	534	384	325
YHR179W	31323	25773	20758	24459
YHR014W	85	89	107	86
YHR171W	1104	1084	424	555
tF(GAA)H1	1	3	0	5
YHR121W	1454	1181	988	1123
YHR116W	499	371	267	349
YHR087W	6395	5712	1285	1483
YHR176W	398	347	174	208
YHR173C	157	125	151	90
YHL010C	351	266	198	212
YHR102W	836	656	612	1011
YHR063C	2792	2429	1842	2304
YHR050W-A	324	351	11	118
YHR137C-A	0	0	0	0
YHL017W	4137	3816	2643	3539
YHL035C	3591	3134	685	1393
YHR043C	2434	1971	1529	1476
YHR115C	878	677	283	658
YHL007C	1361	914	842	1166
YHR018C	4045	4140	2541	2800
YHR076W	1708	1617	1103	1476
YHL019C	233	179	83	159
YHR061C	682	558	299	346
tV(AAC)H	1	2	0	2
snR32	2713	1980	917	3173
YHR068W	8963	7509	9488	11220
YHR218W-A	1	1	0	0
YHR037W	6132	5253	2241	2891
YHR012W	1365	1196	644	1026
YHR144C	645	674	925	1035
YHR077C	1499	1202	986	1245
YHR156C	343	315	133	230
YHR217C	4	0	0	1
YHR036W	737	710	365	562
YHR091C	1208	1061	638	877
YHR052W	1708	1554	2715	2893
YHR123W	2073	1879	1868	2279
YHR009C	11110	9576	10587	9944
YHL018W	201	191	141	140
YHL012W	510	585	98	216
YHR211W	728	555	250	369
YHR155W	2930	2740	1218	1964
RUF5-1	0	6	1	1
YHR139C	234	244	77	138
YHR032W-A	150	95	473	220
tA(AGC)H	0	2	0	0
YHR210C	325	243	147	204
YHR072W-A	2833	2746	2523	3908
YHR140W	763	663	193	432
YHR044C	334	383	214	334
YHL016C	985	897	181	264
tP(UGG)H	25	29	10	17
YHR202W	1608	1398	668	1105
YHR019C	14866	12070	15766	18676
YHL034W-A	18	30	9	21
YHR213W-B	8	7	3	9
YHR104W	10954	10083	2815	3469
YHR083W	1965	1820	1461	1954
YHR165W-A	0	0	0	0
YHL022C	159	142	54	111
YHR032W	1993	1616	2534	3169
YHR008C	9530	8286	4080	4764
YHL038C	948	946	365	627
YHR071C-A	3	13	3	7
YHR081W	85	57	40	151
YHL050W-A	0	0	0	0
YHL028W	1531	1308	1533	1922
YHR073C-B	0	0	0	0
YHL033C	6770	5908	25046	16003
YHR066W	613	609	1152	1137
YHR029C	616	556	582	679
YHR178W	869	672	412	575
YHR063W-A	199	181	53	166
YHR040W	188	135	177	224
YHR192W	948	898	479	807
YHR017W	1955	1684	634	990
YHR004C	1988	1705	725	1092
YHL040C	1596	1658	755	1503
YHR191C	238	211	120	204
YHR201C	1240	1034	1100	1311
YHR103W	5038	4334	4044	4474
YHR213W	1	0	1	2
YHR153C	160	111	86	150
YHR082C	9864	8292	2652	4067
YHR069C-A	5	3	0	0
YHR020W	14145	11886	17086	20522
YHR057C	752	641	347	505
YHL024W	1331	1160	294	439
YHR128W	3171	2686	2893	6387
tQ(UUG)H	6	1	4	20
YHR047C	8300	7218	8201	8794
YHL026C	953	787	282	482
YHR197W	1179	1152	1999	2499
YHR028C	11225	10139	5261	6829
YHR134W	393	350	283	366
YHR122W	889	777	809	941
YHR067W	544	562	456	607
YHL037C	20	16	6	6
YHR013C	721	568	440	813
YHR137W	2423	2249	845	1410
tT(AGU)H	7	7	4	1
YHR158C	3057	2538	1721	2291
YHR038W	462	361	185	249
YHR042W	2641	1783	1982	2877
YHR028W-A	3	2	2	4
YHL049C	17	14	4	4
YHR041C	2057	1620	2892	2313
YHR069C	1678	1440	1116	1682
YHR200W	4516	4021	3195	2897
YHR053C	0	0	0	0
YHR218W	14	24	0	10
YHR021W-A	28	21	20	31
YHR114W	615	436	275	404
YHR039C	11477	9665	9472	11681
YHL019W-A	1	0	1	0
YHR152W	453	388	191	364
YHL046W-A	44	32	7	27
YHL011C	4556	3798	4372	6283
YHR129C	449	390	324	396
YHR199C	2961	2468	1320	1616
YHR159W	522	471	293	373
YHR193C	5708	4447	7559	6389
YHR030C	2013	1656	860	1158
YHL050C	186	158	14	9
YHR162W	8746	7844	5765	7708
YHR089C	272	192	322	616
YHL005C	18	13	10	6
YHR010W	16965	14777	29193	30540
YHR079C-A	7	6	2	6
YHR212C	1	0	0	0
YHR005C	2509	2295	1396	1857
YHR187W	1008	952	615	911
YHR183W	40972	34583	36076	37892
YHR205W	1823	1232	666	1206
YHR139C-A	50	39	22	45
YHR111W	1125	935	645	974
YHR049W	2884	2431	3395	2881
YHR131W-A	21	20	10	13
YHR072W	2871	2543	2728	3393
YHR209W	1015	948	124	307
YHR107C	1873	1498	1040	1260
YHR071W	2528	2283	1257	1626
snR71	74	93	18	25
YHR216W	2906	2471	7593	7102
YHL013C	248	230	287	343
YHR060W	271	310	157	321
YHR143W-A	659	611	374	796
YHR142W	2096	1974	1064	1545
YHR058C	547	418	387	523
YHL008C	3725	2828	809	1322
YHR054W-A	0	0	0	0
YHR118C	420	412	237	354
tT(UGU)H	0	0	0	0
YHL048W	7889	6330	837	1104
YHR157W	141	122	53	37
YHR110W	2532	2163	1262	1600
YHR023W	4291	3518	2304	3287
YHR062C	464	440	362	574
YHR219W	84	83	2	4
YHR136C	51	52	36	58
YHL001W	4972	4329	5696	8719
YHR181W	2977	2669	1614	1920
YHR214C-B	267	161	291	1024
YHL009W-B	37	48	8	22
YHR214C-C	0	0	0	0
YHL009W-A	0	0	0	0
YIR015W	236	176	123	143
YIL156W-A	3	0	3	0
YIL115W-A	4	4	0	5
YIL086C	79	56	13	25
YIL156W-B	692	663	289	602
tT(AGU)I2	4	0	3	2
YIL146C	644	473	225	311
YIL010W	1321	1172	603	951
YIL117C	2124	2301	576	901
YIL050W	984	718	305	571
YIL107C	5152	4407	1184	1406
YIL150C	208	117	164	257
YIL165C	186	156	128	202
YIL045W	1366	1039	253	427
YIL126W	2405	1771	1647	2484
YIL158W	717	644	488	774
YIR018W	638	580	350	442
YIR039C	3786	3373	393	762
YIL082W	0	0	0	0
YIL056W	1192	858	353	600
YIL161W	141	96	108	178
tS(UGA)I	3	2	1	1
YIL119C	2596	2367	569	1115
YIL016W	467	428	556	667
YIL144W	656	584	227	467
YIL026C	1937	1793	1021	1526
tD(GUC)I1	2	7	0	4
YIL163C	62	54	45	84
YIL139C	128	126	116	212
YIL171W	20	29	6	16
YIL068C	900	768	452	675
YIL065C	835	708	422	502
YIL098C	492	403	204	315
YIL141W	44	29	2	16
YIL009W	2522	2166	2397	3966
YIR021W-A	7	6	0	1
YIR020C-B	5	0	2	1
YIL044C	1140	1018	836	1046
YIR020W-A	0	0	0	0
YIR004W	729	570	664	868
YIL092W	362	261	265	414
tD(GUC)I2	4	2	4	16
YIL136W	1178	923	232	278
YIR022W	2368	2237	2293	2273
YIL002W-A	408	386	299	417
YIL066W-A	2	0	0	0
YIL133C	9161	8180	15471	17977
YIL123W	2495	1390	1360	2920
YIR001C	320	222	117	239
YIL153W	2114	1692	1030	1060
YIR002C	1817	1506	1190	1525
YIL108W	5778	4991	1909	2706
YIR023C-A	3	0	1	1
YIL067C	1873	1574	1383	1842
YIR019C	103	43	30	59
YIL028W	82	45	21	47
YIL134W	1007	865	491	978
YIL159W	365	253	132	316
YIL011W	92	52	51	96
YIL110W	1366	1293	1329	1769
YIL131C	1368	1157	1098	1221
YIL128W	2738	2657	1595	2583
YIL064W	705	535	814	1015
YIL071C	433	399	158	227
YIL147C	3208	3002	2756	3544
YIL149C	1581	1169	995	1789
YIL106W	910	878	353	631
YIL005W	2861	2437	922	1774
YIL169C	3149	2659	3243	3176
YIL004C	607	628	313	561
YIR014W	222	181	79	129
tE(CUC)I	0	0	0	4
YIR033W	4688	4580	3803	4767
YIL105C	1707	1556	561	989
YIL057C	16	10	8	2
YIL017C	3509	2809	976	1390
YIL132C	111	72	52	149
YIL070C	2921	2535	1429	2415
YIL051C	15714	12974	13976	16627
YIL118W	2464	2129	1334	2025
YIL097W	1273	1202	315	400
YIR034C	1450	1262	444	802
YIL109C	11742	9968	5597	8018
YIL102C-A	206	160	75	186
YIL105W-A	0	0	0	0
YIL084C	350	328	206	403
YIL039W	1482	1111	803	1753
YIR003W	901	705	562	558
YIR031C	986	795	345	486
YIL074C	3872	3686	2634	4118
YIL022W	2300	1726	1177	1465
YIL030C	5130	4331	3237	4750
YIL140W	2453	1921	1133	1801
YIL031W	1544	1464	602	1040
YIL014W	3153	2913	1401	2082
YIL137C	6246	5089	3033	4008
YIR037W	7681	6515	3118	5294
YIL127C	152	155	196	304
YIL143C	2991	2612	1396	1565
YIL079C	422	371	554	729
YIR008C	1233	1070	852	1088
YIL040W	733	782	327	764
YIL129C	8994	7317	5129	6740
YIL100C-A	14	14	0	3
YIL124W	10217	9371	2779	5188
YIL042C	1018	763	340	494
YIL115C	5568	4430	2832	3871
YIL035C	1836	1637	1222	1701
YIL176C	0	0	0	0
YIL006W	1261	1023	297	655
YIL048W	6309	5623	2697	4066
YIL066C	1342	1022	525	708
YIR029W	91	83	22	23
YIR018C-A	220	169	58	123
YIL094C	7136	6189	5812	8340
YIL103W	1283	1084	1238	1515
YIL155C	3664	3126	704	783
YIL152W	310	319	156	230
YIL046W-A	11	9	0	0
YIL002C	1382	1162	581	907
YIR030W-A	5	4	2	0
YIL047C-A	13	12	2	22
YIL156W	1021	829	411	760
YIR012W	3072	2679	3368	4741
YIL112W	1437	1199	903	1182
YIL025C	7	4	2	6
YIL175W	0	0	0	0
YIL100W	1	0	0	0
YIR026C	607	507	900	981
YIR025W	51	24	8	16
YIR042C	313	213	73	122
YIL075C	10393	8675	4735	6742
YIL068W-A	3	2	0	3
YIL063C	863	680	622	746
YIL018W	54518	45334	111492	105030
YIL027C	1208	1204	635	1082
YIL085C	1448	1206	1150	1644
snR68	137	241	32	91
YIL008W	217	149	125	290
YIL030W-A	28	30	1	15
YIL076W	3982	3430	2034	3128
YIR036W-A	3	1	0	2
YIL029C	241	223	66	164
YIR023W	900	726	391	641
tT(AGU)I1	7	0	7	4
YIL053W	7555	6396	24540	19173
YIL101C	571	405	80	114
YIL120W	510	380	242	437
YIL174W	0	0	0	0
YIL032C	2	4	8	0
YIL142C-A	0	0	0	0
YIL164C	275	245	165	257
YIL096C	260	293	629	698
YIL160C	213	211	62	105
YIL134C-A	26	13	1	8
YIL062C	3005	2730	1610	2019
YIL151C	3473	3212	1464	2090
YIL059C	1	0	0	0
YIR030C	94	108	106	133
YIL083C	2439	2017	1448	2129
YIL019W	67	65	137	205
YIL020C-A	17	24	2	31
YIL099W	195	163	36	78
YIL093C	1225	1039	602	986
YIR024C	149	207	64	99
YIL135C	814	604	221	396
YIL020C	437	365	298	459
YIL023C	2392	2132	1492	1809
YIL177W-A	0	0	0	0
YIL037C	741	697	151	217
YIL142W	2566	2101	2674	3009
YIR041W	8	9	0	4
YIL034C	4859	3978	2097	3262
YIL073C	791	769	300	484
YIL091C	786	726	911	1410
YIL078W	19354	16184	20507	25381
YIL052C	8963	7499	9650	13864
YIR017C	46	40	7	18
YIL125W	19134	16001	8094	11203
YIL154C	1250	1125	662	391
PWR1	0	0	0	0
YIL138C	1435	1211	1399	1318
YIL130W	1159	996	536	1015
YIL071W-A	42	29	10	19
YIL043C	7924	6741	8145	8542
YIR013C	22	18	14	7
YIL055C	167	112	34	51
YIL014C-A	991	877	116	482
YIL049W	862	774	152	489
YIL162W	19753	16323	5968	6754
YIL104C	590	525	685	679
YIL077C	1365	1053	412	729
YIR032C	115	138	94	88
YIL007C	611	582	233	320
YIL021W	410	295	185	357
YIR020C	0	0	0	0
YIL038C	2597	1992	1284	1918
YIR011C	1621	1491	674	1020
YIL046W	1314	1219	794	785
YIL157C	1948	1584	789	1040
YIL171W-A	0	0	0	0
YIL121W	7589	6465	4413	8283
YIL170W	138	113	89	81
YIR038C	4680	4129	1250	2395
YIR027C	248	234	120	111
YIL088C	5973	5451	3076	4818
YIR028W	140	144	70	80
YIL001W	712	629	530	603
tK(CUU)I	3	0	0	0
YIL173W	84	39	85	64
tE(UUC)I	1	2	0	2
YIL177C	13	11	0	6
YIL054W	5	7	3	0
YIL148W	25437	22762	44758	43660
YIR017W-A	7	9	1	6
YIL145C	1812	1515	2570	2858
YIR006C	2331	1384	956	1368
YIL013C	1171	855	334	656
YIL114C	1482	1243	1224	1665
YIR035C	2840	2401	2474	2989
YIR007W	1450	1308	634	758
YIL113W	469	496	238	255
YIL036W	791	615	278	371
YIR010W	504	370	233	388
YIL033C	4482	3683	1509	2008
YIR009W	202	201	191	205
YIL041W	7015	5917	5673	4847
YIL087C	1393	1287	394	842
ICR1	1312	1131	476	752
YIR036C	1065	988	1400	971
YIL122W	453	298	88	149
tI(AAU)I2	6	6	0	4
YIL021C-A	0	0	0	0
YIL090W	2022	1630	974	1861
YIL012W	27	20	4	5
YIL024C	688	607	165	253
YIL111W	4406	3701	2055	3779
YIL095W	981	792	361	657
YIL029W-A	0	3	0	0
YIL089W	193	239	155	253
YIL166C	563	506	322	585
YIL060W	8	5	2	9
tI(AAU)I1	0	0	0	4
YIL009C-A	755	746	450	827
YIL061C	165	144	144	255
YIR040C	16	14	0	0
YIL102C	108	71	68	104
YIL069C	5604	4723	10951	9808
YIR016W	2939	2394	994	1212
YIR021W	497	428	467	458
YIL172C	0	0	0	0
YIL072W	435	420	107	229
YIL058W	139	125	47	117
YIL047C	6874	6110	8539	7935
YIL015W	25144	24817	12753	18888
YIR005W	272	301	83	190
YIL116W	4054	3923	4619	4924
YIL003W	437	354	346	533
YIL082W-A	175	122	62	181
YCR031C	23969	21640	26520	43176
YCL011C	2572	2115	1472	2125
YCL040W	76363	63864	16721	20332
YCR052W	886	828	490	673
YCR100C	271	206	123	181
YCR107W	278	241	480	600
YCL002C	1494	1620	1157	1819
YCL024W	1101	1025	517	845
YCR060W	391	359	329	563
YCR071C	801	697	310	745
YCR007C	364	354	161	272
YCL012C	342	278	45	215
YCR081C-A	0	0	0	0
YCR036W	2371	2065	1114	1677
YCR063W	46	40	10	32
YCL042W	17	16	1	9
YCR097W-A	14	15	0	5
YCR025C	91	92	43	58
tK(CUU)C	0	0	0	0
YCR069W	4043	3340	2098	3166
YCR041W	23	14	5	16
YCR102W-A	17	25	8	3
YCR020C-A	398	395	263	586
YCL075W	11	22	0	0
YCR092C	758	621	413	657
YCR005C	6582	5270	3542	5240
YCR038W-A	0	0	0	0
YCL034W	2168	1889	1044	1150
YCL026C-B	915	793	255	419
YCR020W-B	163	192	128	175
YCR094W	1406	1195	725	1034
YCL028W	4066	3471	2471	3260
YCL029C	472	390	383	428
YCL074W	33	40	4	0
tQ(UUG)C	4	2	0	1
YCR086W	224	183	199	266
YCR006C	358	318	149	250
YCR083W	1468	1324	395	748
YCL039W	427	347	190	356
YCL037C	552	239	316	759
tE(UUC)C	3	2	3	7
YCL004W	566	441	204	366
YCL076W	13	23	0	0
YCR011C	8900	7895	4313	6369
YCL054W-A	137	128	103	155
YCR020C	240	235	87	168
YCL065W	1	1	1	0
YCL057W	6214	4906	2339	3749
YCL069W	0	0	0	0
YCR045W-A	0	0	0	0
YCL048W	89	67	21	22
YCR002C	2582	1996	1278	2006
YCR035C	1240	1093	984	1217
YCR066W	541	455	162	191
YCR032W	2417	2145	1549	2292
YCL059C	882	880	1686	2031
YCR079W	2370	1996	1335	1444
YCR021C	56216	49175	4038	7239
YCL026C-A	37	36	50	43
YCL046W	10	2	1	9
YCR104W	14	6	0	9
YCL001W	2466	2534	953	2231
YCR054C	754	680	789	1017
YCR046C	863	706	530	643
YCR064C	2	12	5	26
YCL001W-B	71	64	28	45
YCR017C	17133	14753	12833	16910
YCR097W	753	843	306	601
YCL041C	22	17	0	17
YCR043C	1638	1398	1010	1781
YCR095W-A	45	48	25	18
YCL009C	4474	3523	2020	2888
tP(AGG)C	93	87	10	62
YCR014C	601	481	335	507
YCL036W	743	695	1220	1288
YCR051W	563	465	723	729
YCL045C	10451	8614	6445	9130
YCL005W	1720	1542	995	1446
snR43	3044	2623	2630	3456
YCR088W	6224	5065	4824	4288
YCR037C	2547	2127	1411	2562
YCR077C	5482	4738	3889	4612
YCR009C	6219	5641	3017	3865
YCR098C	219	190	114	193
YCR047W-A	0	0	0	0
YCR073W-A	1293	1048	619	681
YCR039C	25	25	5	16
YCL032W	455	425	188	281
YCR049C	1	2	0	1
YCR076C	1071	1048	549	616
YCL057C-A	1874	1746	789	1290
YCR053W	8656	6464	6777	8529
YCL008C	243	131	69	188
YCR072C	799	694	1134	1483
YCR057C	2574	2381	5248	5543
YCL044C	139	83	37	78
YCL033C	1541	1427	925	877
YCL030C	21267	17757	18342	17418
YCL068C	1	0	0	0
YCL035C	8253	7254	2316	2740
YCR008W	9249	8224	3568	5191
tS(CGA)C	3	6	0	7
YCR091W	692	578	115	270
YCR108C	0	0	0	0
YCR042C	849	700	419	706
snR65	78	114	9	22
YCL055W	1881	2095	788	1062
YCR003W	1118	1060	471	835
YCR022C	29	16	12	14
YCR089W	490	274	149	463
tG(GCC)C	0	0	0	0
YCL016C	889	773	381	505
YCL031C	1798	1800	1180	1499
YCL048W-A	227	313	10	45
YCR018C	2508	2209	1695	1362
YCL022C	0	0	0	0
YCR087C-A	0	0	0	0
tT(AGU)C	6	5	4	13
YCL023C	4	8	0	4
YCL010C	474	444	349	486
YCR001W	61	26	35	28
tM(CAU)C	0	0	0	0
YCL018W	4259	511	2514	0
YCR073C	1122	929	988	1193
YCR048W	2137	2021	3187	2343
YCL005W-A	366	318	209	431
YCR033W	2518	2080	1230	1655
YCL007C	0	0	0	0
YCR019W	560	563	283	435
YCR102C	312	267	183	181
YCR075W-A	322	239	129	201
YCL058W-A	0	0	0	0
YCL047C	1069	894	686	815
YCR106W	625	520	812	1019
YCR040W	0	0	1	0
YCR061W	1711	1340	684	1067
YCR045C	524	444	462	535
YCR085W	21	34	2	25
YCR024C-B	7272	9691	1356	4130
YCR101C	158	159	80	123
YCL049C	3001	2350	1871	2271
YCR015C	438	446	273	374
snR33	7707	5784	3244	8192
YCR038C	156	96	24	102
YCL063W	944	764	632	836
YCR024C	877	780	265	443
YCR065W	1217	971	624	937
YCR087W	1	2	0	0
YCR034W	4348	4261	2422	6002
YCL052C	3515	3282	1733	1768
YCR004C	9995	8182	7826	6433
YCR059C	1456	1206	1920	1640
tL(CAA)C	30	5	18	0
YCR096C	3	2	0	0
YCR028C-A	3989	3495	1925	4356
tN(GUU)C	2	0	0	0
YCL021W-A	700	541	347	758
YCL064C	3391	2786	1409	3189
YCR028C	1417	1214	1195	1609
YCR082W	2122	2001	1016	1323
YCL061C	490	375	379	649
YCL073C	4	2	3	0
YCR013C	330	322	52	425
YCR090C	967	841	1504	1117
YCR084C	2747	1660	1051	1810
YCR050C	14	11	4	15
YCR099C	128	100	50	74
YCL066W	0	0	0	1
snR189	932	549	530	1929
YCR095C	941	963	517	718
YCR068W	1541	1213	848	884
YCL017C	5199	4558	3440	4531
YCL058C	29	32	5	20
YCL014W	4093	3138	1957	3096
YCL050C	2975	2518	1692	2060
YCR067C	3527	2659	1663	2507
YCR047C	124	74	127	146
YCR044C	4041	3464	2233	3503
YCR026C	2742	2406	1801	2112
YCR093W	6606	4699	3254	5499
YCR012W	163979	128577	204467	187427
YCR075C	1695	1430	548	1104
YCL043C	25683	19461	14959	20863
YCL025C	9136	7261	1527	2504
YCL067C	0	0	0	0
YCR023C	3991	3590	1650	3121
YCR010C	139	126	31	44
YCL056C	375	336	115	253
YCR081W	1547	1535	616	1165
YCR018C-A	33	28	14	19
YCR030C	1724	1006	477	926
YCL027W	1722	1852	538	816
YCL051W	2366	1952	875	1183
YCL038C	3095	2862	1350	2101
YCR027C	744	637	473	705
YCL001W-A	38	40	42	35
YCR016W	257	201	311	567
YCL054W	637	525	946	1540
YCR105W	128	85	76	126
YCR024C-A	8890	8722	2938	6840
YCL020W	0	0	0	0
YCL019W	74	43	7	41
RUF22	5	0	0	0
YFL031C-A	5728	5195	2474	3748
YFL026W	40597	41563	19190	31451
YFR027W	183	101	23	91
YFR052W	2380	2145	1047	1610
YFL064C	0	1	7	7
YFL015C	23	11	0	4
YFL011W	40	43	10	11
YFR017C	1902	1563	279	395
YFL018C	12758	10907	7416	7733
YFL032W	22	11	1	5
YFR036W	103	76	72	61
YFR006W	5530	4546	3462	4926
YFR021W	1764	1447	1030	1327
tK(CUU)F	7	3	2	4
YFL034W	1073	856	540	676
YFL012W-A	1	2	1	0
YFL024C	2201	1881	850	1275
YFL013C	258	206	127	221
RUF23	9	13	8	4
YFL046W	284	271	174	253
YFR014C	2633	2107	1202	1531
YFL056C	1121	930	676	644
YFL041W-A	79	103	48	67
YFR055W	2894	2618	2285	2307
YFR013W	1757	1599	1180	1603
YFR049W	1171	925	361	511
YFL050C	819	732	450	517
YFR044C	13158	11169	13939	14538
YFR032C-B	23	19	8	18
YFR034W-A	8	5	0	6
tP(UGG)F	20	10	4	15
YFR009W	6359	5239	6307	7483
tA(AGC)F	0	1	0	0
YFL045C	17972	15965	24683	22656
YFL068W	5	2	0	1
YFR018C	1209	991	628	820
YFR034C	333	297	288	273
YFR029W	364	315	140	210
YFL003C	145	130	109	133
YFR041C	1251	1000	466	785
YFL059W	78	81	29	70
YFL062W	440	444	20	58
YFR026C	110	114	39	93
YFL014W	27768	27923	4955	5079
YFL066C	6	11	23	16
YFL047W	1584	1481	1155	1445
YFR032C-A	7665	6314	7522	14466
YFR056C	189	134	17	41
RUF20	386	388	160	261
YFL044C	1188	1009	1068	876
YFR011C	273	192	95	149
YFR022W	1795	1793	665	1058
YFR047C	3848	2927	2755	3893
tF(GAA)F	0	2	4	0
YFL051C	714	525	96	165
YFL054C	1491	1296	254	391
YFR036W-A	13	18	1	21
YFR024C-A	6887	5696	4388	4577
YFR045W	997	893	228	510
YFR002W	3278	2979	1670	2326
YFL012W	2	4	4	4
YFL033C	2501	1960	887	1547
YFL021W	136	120	23	69
YFL008W	1650	1245	1034	1315
YFL019C	31	30	4	15
YFR005C	1473	1192	1308	1709
YFL022C	2482	1820	2245	2295
YFL028C	1191	1058	1082	1104
YFL052W	2175	1636	496	548
YFR008W	325	307	157	223
YFL002C	710	598	647	1032
YFL055W	509	391	174	228
YFL034C-B	258	198	56	155
YFR023W	49	36	18	17
YFR001W	220	173	246	448
YFL023W	277	231	400	482
YFL020C	49	44	26	21
tY(GUA)F2	0	2	4	5
YFL067W	8	0	40	19
YFR031C-A	20026	17359	38100	42091
YFL010C	2142	1737	1591	1397
tN(GUU)F	4	2	2	6
YFL053W	169	197	82	94
YFR030W	4962	4712	1382	2275
YFR003C	939	745	369	462
YFL039C	143373	127639	129502	112865
YFL029C	551	515	235	368
YFL030W	1776	1764	322	433
YFL058W	14	27	6	12
YFL016C	2789	2135	611	832
YFR040W	4756	3677	1811	2588
YFL041W	4577	3691	2375	3052
tS(GCU)F	4	10	5	5
tG(GCC)F1	1	0	0	1
YFL036W	6116	4707	2756	4049
YFR053C	58584	42162	21054	21436
YFL048C	5007	4770	2874	4683
YFL015W-A	2	0	0	0
YFR057W	11	8	0	1
YFR046C	385	307	165	232
YFL037W	13595	11264	10855	13691
YFL061W	59	79	37	48
YFL017C	1264	1145	552	994
YFR012W	15	17	2	16
YFL034C-A	662	654	742	1668
YFR010W	2659	2157	1146	1499
YFL040W	342	251	89	158
YFR020W	1054	833	560	671
YFR038W	1265	1046	894	1294
YFR012W-A	1	2	1	4
YFL031W	70368	62841	68001	47968
YFL017W-A	388	322	189	406
YFL005W	6624	5974	5601	5443
YFR019W	1837	1152	738	1222
YFL042C	514	448	220	304
YFR042W	1512	1402	262	806
YFR050C	5493	4769	1913	3744
YFR007W	973	843	412	718
YFL065C	1	2	0	10
YFL038C	6629	5798	4539	4992
YFR015C	17620	14909	7389	7680
tG(GCC)F2	11	23	2	28
YFR009W-A	0	0	0	0
YFL060C	62	52	19	61
YFR043C	506	388	143	272
YFL049W	1091	870	439	628
YFR052C-A	461	509	16	134
RUF21	364	384	67	281
YFR028C	3131	2827	2092	2576
YFR010W-A	0	0	0	0
YFR051C	2643	2142	1719	1984
YFR016C	897	651	514	719
YFR032C	29	15	16	30
YFL001W	680	654	456	838
YFR037C	687	529	415	786
YFL013W-A	4	5	0	3
YFL063W	3	7	0	0
YFR025C	2024	1861	1187	1693
YFL025C	4486	4365	1754	2803
YFR054C	39	25	29	29
YFR033C	1770	1519	581	616
YFR031C	803	690	522	759
YFL021C-A	24	26	7	12
YFL010W-A	294	267	72	203
YFR039C	2073	1807	1083	1337
YFL027C	1532	1305	614	918
YFL007W	10127	8402	6945	9081
YFL004W	4842	4180	4148	4673
YFR048W	1112	1004	706	859
YFR035C	244	178	196	321
tY(GUA)F1	0	0	0	2
YFL009W	4928	4213	2479	3447
YFR004W	2094	1974	976	1455
YFL002W-B	0	0	0	0
YFL002W-A	33	23	2	22
YAL037W	287	231	202	247
YAL016W	5609	5111	1929	3387
YAL003W	25908	23724	31200	31215
YAL053W	5619	5004	1974	3013
YAL031W-A	15	12	2	5
YAL019W	1710	1532	1766	2014
YAL024C	1561	1115	892	1106
YAL034W-A	139	111	63	120
YAL064W-B	291	246	60	60
YAL018C	7	10	0	4
YAL037C-A	25	19	5	44
YAL056C-A	9	17	4	7
tL(CAA)A	5	3	0	6
YAL048C	1082	939	692	910
YAL025C	156	146	176	349
YAR064W	14	6	18	14
YAL031C	1662	1604	627	931
YAR075W	9	4	0	4
YAL063C-A	6	12	2	10
tP(UGG)A	2	2	4	6
tA(UGC)A	4	6	9	13
YAL023C	20281	17319	14959	19850
YAL062W	880	782	688	631
YAR061W	3	2	0	3
YAL026C	4785	4188	3713	5027
YAL014C	1637	1558	821	1080
YAL034C-B	22	14	14	27
YAR035W	225	212	132	98
YAL010C	748	681	255	441
YAL042W	7262	6562	7724	7003
YAL038W	56903	37110	138830	76752
YAR003W	2634	2395	1395	1695
YAL045C	4	4	2	2
YAR007C	2582	2261	1269	1984
YAL030W	1628	1494	464	1004
YAR027W	4360	3992	1375	1917
YAL055W	223	137	92	120
YAL060W	8617	7589	5924	5147
YAL017W	12010	9658	2473	3934
YAR018C	1014	858	254	700
YAL069W	0	0	0	0
YAL063C	610	507	301	367
YAL046C	578	599	662	557
YAR020C	96	71	10	48
snR18	512	505	156	425
YAR050W	660	587	209	300
YAL016C-B	48	64	13	23
YAR019C	1097	911	348	514
YAR029W	271	217	76	190
YAR002W	1139	935	741	997
YAL039C	849	654	254	306
YAR030C	146	122	53	90
YAR047C	95	139	21	58
YAL022C	4506	4089	3258	3887
YAL011W	300	249	190	198
YAL001C	1780	1617	1228	1724
YAL056W	4424	4074	1760	2821
YAL066W	0	0	0	1
YAL013W	226	157	108	88
YAL047W-A	1	1	0	0
YAL016C-A	10	5	0	2
YAL064W	11	12	4	4
YAR071W	105	69	102	112
YAR033W	451	349	238	428
YAR069C	0	0	0	0
YAR019W-A	18	6	1	10
YAR070C	1	3	0	5
YAL054C	2094	2168	729	1003
YAL067C	101	91	44	68
YAL059W	188	226	446	481
YAL005C	88165	72910	67995	35143
YAL068W-A	1	0	0	0
YAL035W	2491	1738	2908	3674
YAL008W	1155	1105	388	647
YAL020C	342	282	339	306
YAL032C	682	522	512	489
YAL015C	778	772	294	527
YAL028W	213	160	62	126
YAL042C-A	3	1	0	0
YAL065C	302	215	34	60
YAL009W	922	842	433	807
YAR014C	2832	2760	1885	2088
YAL037C-B	92	71	23	142
YAR053W	22	27	5	11
YAL036C	1431	1306	1899	2514
YAL059C-A	0	0	0	0
YAL002W	4135	3331	1190	2026
YAL021C	3436	2600	2378	3217
tS(AGA)A	4	1	0	5
YAL061W	2792	2429	901	1158
YAR023C	382	287	195	180
YAL034C	1034	717	146	333
YAL026C-A	36	58	9	22
YAR002C-A	10868	10022	5790	10360
YAL004W	0	0	0	0
YAR008W	212	152	115	220
YAL067W-A	2	0	1	2
YAL049C	4193	4173	2244	2617
YAR060C	0	0	0	0
YAL047C	387	321	188	336
YAL029C	8166	6865	4939	6605
YAR031W	680	506	259	648
YAL027W	347	290	85	217
YAR073W	11	25	9	17
YAL033W	684	707	478	712
YAR015W	8087	7617	9733	12750
YAL044W-A	72	90	12	57
YAL041W	2116	1701	1074	1664
YAL019W-A	6	9	0	7
YAR035C-A	3	10	0	7
YAL068C	2	0	0	0
YAR042W	2124	1876	1242	1189
YAL051W	1389	1162	541	915
YAL043C	2086	1789	1303	1630
YAR066W	4	6	12	16
YAL044C	5186	5013	8543	6748
YAR068W	11	4	13	35
YAL058W	818	763	690	976
YAL012W	8172	7291	7030	7684
YAL064C-A	333	266	59	46
YAR028W	1431	1156	1106	1688
HRA1	7	3	1	3
YAL007C	4792	4347	3978	4767
YAL040C	643	444	113	299
YAR010C	7	9	0	9
YAR009C	434	231	112	465
tD(GUC)Q	0	4	0	0
Q0065	534	1028	170	157
Q0080	34	17	3	3
Q0160	2341	3698	266	389
Q0070	101	148	58	15
Q0142	10	5	0	3
Q0275	27998	34329	3032	6554
tR(ACG)Q2	2	4	0	0
tK(UUU)Q	26	30	5	12
Q0010	8	4	0	0
Q0255	2472	2413	436	621
tN(GUU)Q	3	11	1	0
Q0020	139017	144205	11907	25261
tE(UUC)Q	9	6	0	6
Q0140	420	327	142	111
Q0075	6157	4906	1337	1831
Q0250	30632	33957	7546	9457
Q0017	0	0	0	0
tC(GCA)Q	15	19	3	2
Q0144	1	2	0	0
tG(UCC)Q	2	0	0	0
Q0105	7028	14466	1302	970
tT(UGU)Q1	1	0	1	0
tM(CAU)Q2	0	1	0	0
Q0285	1719	1341	77	158
Q0143	8	5	0	1
Q0055	70684	79042	12547	13353
Q0032	16	8	0	2
tY(GUA)Q	50	56	0	6
Q0115	85	59	32	28
Q0297	0	0	0	0
Q0130	48274	53554	5967	10934
tL(UAA)Q	0	0	0	0
tF(GAA)Q	32	46	8	3
Q0092	7	3	0	0
tW(UCA)Q	0	2	0	0
tT(UAG)Q2	19	30	2	3
tS(UGA)Q2	9	6	8	0
Q0110	770	1237	143	129
Q0120	611	1551	171	173
tH(GUG)Q	9	17	1	2
Q0050	95056	120422	13675	16638
tA(UGC)Q	7	15	0	0
Q0085	11512	28591	797	1325
Q0182	2183	2092	249	340
tM(CAU)Q1	12	13	1	5
tS(GCU)Q1	21	29	10	5
tV(UAC)Q	1	1	0	0
tQ(UUG)Q	4	3	0	0
tR(UCU)Q1	0	1	1	0
Q0060	1244	2310	222	257
Q0045	28274	34913	3219	4343
tP(UGG)Q	25	10	10	6
tI(GAU)Q	4	0	0	0
Q0158	810312	794484	98618	166048
